Complexity,Loss,Equation
1,0.0054968423,"-0.002163276"
3,9.256518e-6,"z0 * -1.3509886"
4,9.245122e-6,"sin(z0 * -1.352981)"
5,9.193616e-6,"(-0.00018392949 - z0) * 1.3509562"
6,9.183712e-6,"sin((-0.00017245422 - z0) * 1.3529403)"
7,4.990024e-7,"((z1 * -0.03462149) - z0) * 1.3537571"
8,4.858478e-7,"sin((z1 * -0.046872377) - (z0 * 1.3558849))"
9,4.77146e-7,"sin(sin(((z1 * -0.034626435) - z0) * 1.3579054))"
10,4.7290192e-7,"sin(sin(sin(((z1 * -0.03462382) - z0) * 1.3599838)))"
11,2.3419331e-7,"((z1 * (-0.028169347 - (z1 * z1))) - z0) * 1.3537159"
12,2.2157194e-7,"sin(((z1 * (-0.028042562 - (z1 * z1))) - z0) * 1.3557539)"
13,3.7393534e-8,"((z1 * (-0.005424183 - (z1 * z1))) * 3.9289231) - (z0 * 1.3534235)"
14,2.5290715e-8,"((-0.021341722 - ((z1 * z1) * 3.9290242)) * z1) - sin(z0 * 1.3554491)"
15,1.7684219e-8,"(((-0.005424183 - (z1 * z1)) * z1) * 3.9289231) - sin(sin(z0 * 1.3575225))"
16,1.4604698e-8,"((z1 * (-0.005320363 - (z1 * z1))) * 3.9620445) - sin(sin(sin(z0 * 1.3595054)))"
17,1.3247576e-8,"((-0.005076235 - (z1 * z1)) * sin(z1 * 4.1240144)) - sin(sin(sin(z0 * 1.3595057)))"
18,1.1660292e-8,"(sin(sin(z1 * 4.4575176)) * (-0.004503336 - (z1 * z1))) - sin(sin(sin(z0 * 1.3595067)))"
19,9.999032e-9,"((-0.0040469677 - (z1 * z1)) * sin(sin(sin(z1 * 4.8038435)))) - sin(sin(sin(z0 * 1.3595136)))"
20,8.149052e-9,"(sin(sin(sin(sin(z1 * 5.3395405)))) * (-0.0034206922 - (z1 * z1))) - sin(sin(sin(z0 * 1.3594912)))"
21,6.061845e-9,"(sin(sin(sin(sin(sin(z1 * 6.064552))))) * (-0.0028196222 - (z1 * z1))) - sin(sin(sin(z0 * 1.3594657)))"
22,3.6183323e-9,"(sin(sin(sin(sin(sin(sin(z1 * 7.499079)))))) * (-0.0019870193 - (z1 * z1))) - sin(sin(sin(z0 * 1.3594463)))"
23,6.986833e-10,"(sin(sin(sin(sin(sin(sin(sin(z1 * 13.138783))))))) * (-0.0007948304 - (z1 * z1))) - sin(sin(sin(z0 * 1.3594661)))"
25,6.6401923e-10,"(sin(sin(sin(sin(sin(sin(sin(z1 * 13.138783))))))) * (-0.0007784308 - (z1 * (z1 * 1.0034953)))) - sin(sin(sin(z0 * 1.3594977)))"
