traj,t,theta,omega
0,0,0.664628,-0.491451
0,0.02,0.662864,-0.56607
0,0.04,0.649077,-0.629578
0,0.06,0.624327,-0.73974
0,0.08,0.623551,-0.858875
0,0.1,0.592208,-1.01783
0,0.12,0.564431,-1.11966
0,0.14,0.526182,-1.2365
0,0.16,0.501044,-1.31563
0,0.18,0.47989,-1.39998
0,0.2,0.442148,-1.50097
0,0.22,0.426674,-1.5259
0,0.24,0.374923,-1.54997
0,0.26,0.365604,-1.60452
0,0.28,0.334872,-1.70102
0,0.3,0.321635,-1.69025
0,0.32,0.310425,-1.70676
0,0.34,0.272181,-1.82714
0,0.36,0.227157,-1.85242
0,0.38,0.161204,-1.88205
0,0.4,0.125032,-1.89061
0,0.42,0.061922,-1.95022
0,0.44,0.012868,-2.01857
0,0.46,-0.000304437,-2.04342
0,0.48,-0.0389799,-2.04699
0,0.5,-0.0573566,-1.97332
0,0.52,-0.0929017,-2.0476
0,0.54,-0.13773,-1.98031
0,0.56,-0.165912,-1.96413
0,0.58,-0.181046,-1.96782
0,0.6,-0.237558,-1.86246
0,0.62,-0.279436,-1.70937
0,0.64,-0.317118,-1.67129
0,0.66,-0.362165,-1.64333
0,0.68,-0.41897,-1.53107
0,0.7,-0.441496,-1.38797
0,0.72,-0.484528,-1.22851
0,0.74,-0.516598,-1.07601
0,0.76,-0.548424,-1.02359
0,0.78,-0.566372,-0.88695
0,0.8,-0.584017,-0.819226
0,0.82,-0.623958,-0.779364
0,0.84,-0.629608,-0.627573
0,0.86,-0.644707,-0.565684
0,0.88,-0.640496,-0.505456
0,0.9,-0.661041,-0.356844
0,0.92,-0.702815,-0.220269
0,0.94,-0.711631,-0.0966333
0,0.96,-0.709327,0.0308462
0,0.98,-0.692507,0.11639
0,1,-0.663086,0.268326
0,1.02,-0.643175,0.434873
0,1.04,-0.623184,0.581624
0,1.06,-0.613515,0.626675
0,1.08,-0.604838,0.704836
0,1.1,-0.614275,0.828056
0,1.12,-0.605226,0.892174
0,1.14,-0.600853,1.01302
0,1.16,-0.570221,1.17376
0,1.18,-0.544501,1.31262
0,1.2,-0.494175,1.44762
0,1.22,-0.505386,1.57707
0,1.24,-0.467285,1.66291
0,1.26,-0.427944,1.74129
0,1.28,-0.388788,1.7821
0,1.3,-0.384826,1.83059
0,1.32,-0.358886,1.92521
0,1.34,-0.322593,1.96698
0,1.36,-0.294395,1.97744
0,1.38,-0.250917,1.94254
0,1.4,-0.202248,1.96653
0,1.42,-0.178057,1.88566
0,1.44,-0.124514,1.89733
0,1.46,-0.0889858,1.90428
0,1.48,-0.0150188,1.91148
0,1.5,0.0275117,1.84873
0,1.52,0.0947695,1.88655
0,1.54,0.149499,1.8742
0,1.56,0.199715,1.86707
0,1.58,0.24319,1.82787
0,1.6,0.251557,1.83215
0,1.62,0.254384,1.77034
0,1.64,0.287412,1.66855
0,1.66,0.332627,1.60077
0,1.68,0.358378,1.55806
0,1.7,0.382689,1.54402
0,1.72,0.419469,1.43875
0,1.74,0.416724,1.29524
0,1.76,0.464237,1.2066
0,1.78,0.485585,1.18594
0,1.8,0.489105,1.05872
0,1.82,0.50556,0.981012
0,1.84,0.517213,0.846522
0,1.86,0.512147,0.769723
0,1.88,0.545962,0.636014
0,1.9,0.56515,0.467902
0,1.92,0.571042,0.418105
0,1.94,0.584801,0.400709
0,1.96,0.580657,0.298908
0,1.98,0.584641,0.194793
0,2,0.589186,0.0413665
0,2.02,0.577059,0.0471954
0,2.04,0.576386,-0.175627
0,2.06,0.563806,-0.271276
0,2.08,0.551942,-0.338022
0,2.1,0.562413,-0.472095
0,2.12,0.544687,-0.637977
0,2.14,0.521567,-0.815472
0,2.16,0.527896,-0.851776
0,2.18,0.490036,-1.00987
0,2.2,0.443763,-1.14903
0,2.22,0.376461,-1.28735
0,2.24,0.38292,-1.38248
0,2.26,0.377361,-1.47811
0,2.28,0.382712,-1.53784
0,2.3,0.348551,-1.49322
0,2.32,0.314356,-1.61578
0,2.34,0.287688,-1.67603
0,2.36,0.273256,-1.76763
0,2.38,0.251655,-1.77293
0,2.4,0.204066,-1.80504
0,2.42,0.154301,-1.7376
0,2.44,0.10733,-1.79268
0,2.46,0.0550662,-1.83296
0,2.48,0.0211193,-1.81605
0,2.5,-0.0231269,-1.83526
0,2.52,-0.0797633,-1.87291
0,2.54,-0.0669412,-1.8191
0,2.56,-0.116048,-1.8639
0,2.58,-0.166682,-1.83888
0,2.6,-0.199038,-1.83759
0,2.62,-0.252427,-1.73359
0,2.64,-0.275089,-1.70615
0,2.66,-0.308838,-1.67697
0,2.68,-0.385362,-1.61165
0,2.7,-0.426111,-1.58888
0,2.72,-0.457621,-1.48214
0,2.74,-0.496097,-1.4664
0,2.76,-0.502764,-1.34618
0,2.78,-0.535652,-1.23359
0,2.8,-0.555261,-1.13072
0,2.82,-0.589115,-1.00267
0,2.84,-0.580042,-0.883053
0,2.86,-0.58233,-0.951203
0,2.88,-0.588977,-0.839702
0,2.9,-0.601074,-0.752691
0,2.92,-0.607966,-0.617412
0,2.94,-0.618356,-0.520879
0,2.96,-0.602356,-0.449453
0,2.98,-0.589732,-0.3186
0,3,-0.606338,-0.20932
0,3.02,-0.621244,-0.058555
0,3.04,-0.612039,0.035271
0,3.06,-0.624852,0.16684
0,3.08,-0.600551,0.277488
0,3.1,-0.584652,0.37541
0,3.12,-0.573086,0.476222
0,3.14,-0.555913,0.523393
0,3.16,-0.531531,0.62854
0,3.18,-0.510782,0.725835
0,3.2,-0.489163,0.788846
0,3.22,-0.451974,0.82467
0,3.24,-0.450713,0.945219
0,3.26,-0.405232,1.0602
0,3.28,-0.387956,1.09479
0,3.3,-0.367429,1.18916
0,3.32,-0.314421,1.30388
0,3.34,-0.314593,1.46874
0,3.36,-0.292239,1.49356
0,3.38,-0.237712,1.55126
0,3.4,-0.214238,1.61371
0,3.42,-0.169369,1.70123
0,3.44,-0.160766,1.82035
0,3.46,-0.111451,1.82245
0,3.48,-0.0916357,1.79487
0,3.5,-0.054704,1.77873
0,3.52,-0.0320573,1.82081
0,3.54,0.0102205,1.80061
0,3.56,0.0577495,1.85055
0,3.58,0.0743221,1.80339
0,3.6,0.125352,1.80901
0,3.62,0.162723,1.824
0,3.64,0.177934,1.71499
0,3.66,0.197841,1.67534
0,3.68,0.219323,1.60313
0,3.7,0.237981,1.52162
0,3.72,0.256287,1.47935
0,3.74,0.303619,1.3936
0,3.76,0.331559,1.30046
0,3.78,0.369944,1.23343
0,3.8,0.422733,1.11044
0,3.82,0.451161,1.05347
0,3.84,0.465641,0.995992
0,3.86,0.461585,0.997715
0,3.88,0.459588,0.935835
0,3.9,0.461211,0.877911
0,3.92,0.474181,0.771328
0,3.94,0.492305,0.703801
0,3.96,0.50169,0.457378
0,3.98,0.501951,0.358781
0,4,0.506023,0.283804
0,4.02,0.531665,0.166059
0,4.04,0.512489,0.114848
0,4.06,0.53483,-0.0136168
0,4.08,0.569323,-0.1414
0,4.1,0.545532,-0.257794
0,4.12,0.557348,-0.405173
0,4.14,0.579349,-0.544806
0,4.16,0.580119,-0.617111
0,4.18,0.559818,-0.666974
0,4.2,0.516568,-0.707149
0,4.22,0.49749,-0.831085
0,4.24,0.489968,-0.880036
0,4.26,0.47993,-0.889176
0,4.28,0.472222,-0.932584
0,4.3,0.435308,-1.02583
0,4.32,0.416056,-1.11819
0,4.34,0.390598,-1.1847
0,4.36,0.372506,-1.26873
0,4.38,0.332953,-1.37623
0,4.4,0.284615,-1.38746
0,4.42,0.250184,-1.41328
0,4.44,0.195645,-1.55146
0,4.46,0.146661,-1.54158
0,4.48,0.132938,-1.56437
0,4.5,0.086575,-1.60076
0,4.52,0.0493012,-1.63803
0,4.54,-0.023536,-1.68813
0,4.56,-0.0551431,-1.62564
0,4.58,-0.0812758,-1.56761
0,4.6,-0.116972,-1.57872
0,4.62,-0.208823,-1.55018
0,4.64,-0.222521,-1.46039
0,4.66,-0.254282,-1.44197
0,4.68,-0.288943,-1.47025
0,4.7,-0.322605,-1.45029
0,4.72,-0.321613,-1.40722
0,4.74,-0.35734,-1.35192
0,4.76,-0.374922,-1.32627
0,4.78,-0.377288,-1.34392
0,4.8,-0.402623,-1.23935
0,4.82,-0.444657,-1.14678
0,4.84,-0.44078,-1.04798
0,4.86,-0.486094,-0.99797
0,4.88,-0.479999,-0.897433
0,4.9,-0.494713,-0.789208
0,4.92,-0.496035,-0.729372
0,4.94,-0.513232,-0.627613
0,4.96,-0.53224,-0.536459
0,4.98,-0.518784,-0.478856
0,5,-0.495493,-0.294233
0,5.02,-0.532127,-0.203619
0,5.04,-0.530415,-0.137987
0,5.06,-0.544732,-0.0462406
0,5.08,-0.53183,0.034599
0,5.1,-0.500583,0.151244
0,5.12,-0.501394,0.315036
0,5.14,-0.487917,0.425108
0,5.16,-0.488661,0.594325
0,5.18,-0.468094,0.668274
0,5.2,-0.48528,0.766865
0,5.22,-0.490683,0.77314
0,5.24,-0.478381,0.870466
0,5.26,-0.43876,0.963782
0,5.28,-0.407384,0.988328
0,5.3,-0.389026,1.07254
0,5.32,-0.35461,1.1517
0,5.34,-0.320916,1.19944
0,5.36,-0.294087,1.28401
0,5.38,-0.292174,1.35145
0,5.4,-0.271655,1.32407
0,5.42,-0.228734,1.36543
0,5.44,-0.215593,1.40131
0,5.46,-0.183997,1.51277
0,5.48,-0.156755,1.56663
0,5.5,-0.103684,1.61479
0,5.52,-0.0572453,1.61129
0,5.54,-0.0167342,1.62168
0,5.56,0.0280594,1.58555
0,5.58,0.0417322,1.64448
0,5.6,0.0666703,1.62158
0,5.62,0.0966071,1.5799
0,5.64,0.146749,1.51096
0,5.66,0.170684,1.50912
0,5.68,0.195577,1.44981
0,5.7,0.208062,1.43996
0,5.72,0.218924,1.43116
0,5.74,0.222776,1.36216
0,5.76,0.25332,1.2602
0,5.78,0.292415,1.21086
0,5.8,0.30176,1.09174
0,5.82,0.302844,1.04091
0,5.84,0.31144,0.923722
0,5.86,0.334932,0.96297
0,5.88,0.364871,0.922456
0,5.9,0.391121,0.875734
0,5.92,0.389731,0.770689
0,5.94,0.414319,0.682717
0,5.96,0.428808,0.564841
0,5.98,0.440243,0.443233
0,6,0.41482,0.305072
0,6.02,0.437809,0.287801
0,6.04,0.478952,0.199464
0,6.06,0.499732,0.144528
0,6.08,0.491232,-0.0261718
0,6.1,0.4935,-0.192086
0,6.12,0.487916,-0.249266
0,6.14,0.462972,-0.334178
0,6.16,0.481206,-0.404953
0,6.18,0.483544,-0.453339
0,6.2,0.502586,-0.536716
0,6.22,0.508811,-0.628019
0,6.24,0.482804,-0.700512
0,6.26,0.455398,-0.809695
0,6.28,0.427552,-0.986995
0,6.3,0.410766,-1.10726
0,6.32,0.388879,-1.10363
0,6.34,0.359075,-1.18906
0,6.36,0.359235,-1.22228
0,6.38,0.349585,-1.29289
0,6.4,0.333639,-1.37206
0,6.42,0.292679,-1.38925
0,6.44,0.253471,-1.39748
0,6.46,0.262916,-1.50911
0,6.48,0.217031,-1.48821
0,6.5,0.182009,-1.46556
0,6.52,0.133019,-1.47787
0,6.54,0.0993929,-1.49363
0,6.56,0.0735639,-1.56182
0,6.58,0.0243447,-1.5064
0,6.6,-0.00101149,-1.50637
0,6.62,-0.0323272,-1.48962
0,6.64,-0.0813991,-1.52589
0,6.66,-0.0885773,-1.50222
0,6.68,-0.105011,-1.50564
0,6.7,-0.113767,-1.45996
0,6.72,-0.13843,-1.40161
0,6.74,-0.183419,-1.44341
0,6.76,-0.23035,-1.32228
0,6.78,-0.235959,-1.28824
0,6.8,-0.268473,-1.18861
0,6.82,-0.296952,-1.18874
0,6.84,-0.300574,-1.10266
0,6.86,-0.365918,-1.04858
0,6.88,-0.382486,-0.955439
0,6.9,-0.397801,-0.90879
0,6.92,-0.416243,-0.816409
0,6.94,-0.435417,-0.751162
0,6.96,-0.428009,-0.70644
0,6.98,-0.44692,-0.702065
0,7,-0.449033,-0.565476
0,7.02,-0.450091,-0.428468
0,7.04,-0.451859,-0.319667
0,7.06,-0.451788,-0.237938
0,7.08,-0.438858,-0.15821
0,7.1,-0.46855,-0.0258395
0,7.12,-0.440031,0.0249946
0,7.14,-0.444044,0.091246
0,7.16,-0.450119,0.190546
0,7.18,-0.467295,0.274085
0,7.2,-0.484011,0.344439
0,7.22,-0.492018,0.393918
0,7.24,-0.505201,0.542532
0,7.26,-0.47826,0.548339
0,7.28,-0.468989,0.612521
0,7.3,-0.459161,0.642173
0,7.32,-0.423855,0.718302
0,7.34,-0.393519,0.83017
0,7.36,-0.348296,0.834024
0,7.38,-0.298409,0.971983
0,7.4,-0.268985,1.14581
0,7.42,-0.245056,1.23679
0,7.44,-0.235351,1.33272
0,7.46,-0.208546,1.35124
0,7.48,-0.149503,1.37347
0,7.5,-0.127041,1.3967
0,7.52,-0.115822,1.4467
0,7.54,-0.0782628,1.48142
0,7.56,-0.0912946,1.53725
0,7.58,-0.0673531,1.48838
0,7.6,-0.0273025,1.51585
0,7.62,-0.0148722,1.617
0,7.64,-0.00349322,1.52245
0,7.66,0.0104067,1.56587
0,7.68,0.0413594,1.52147
0,7.7,0.0735439,1.4646
0,7.72,0.0946973,1.40376
0,7.74,0.138514,1.4119
0,7.76,0.151466,1.3773
0,7.78,0.194755,1.28083
0,7.8,0.214512,1.18674
0,7.82,0.221025,1.1414
0,7.84,0.237138,1.11361
0,7.86,0.264151,1.06947
0,7.88,0.285108,0.975031
0,7.9,0.30792,0.906941
0,7.92,0.319,0.854017
0,7.94,0.352736,0.784779
0,7.96,0.398813,0.678548
0,7.98,0.420887,0.582417
0,8,0.435815,0.467877
0,8.02,0.462966,0.397893
0,8.04,0.487935,0.263479
0,8.06,0.482256,0.148872
0,8.08,0.475427,0.0448695
0,8.1,0.474648,-0.0290323
0,8.12,0.47377,-0.127472
0,8.14,0.475032,-0.163505
0,8.16,0.456748,-0.241638
0,8.18,0.451708,-0.299926
0,8.2,0.445211,-0.380658
0,8.22,0.422104,-0.458891
0,8.24,0.400013,-0.514919
0,8.26,0.39082,-0.591966
0,8.28,0.367148,-0.634441
0,8.3,0.368661,-0.67548
0,8.32,0.391958,-0.756242
0,8.34,0.393412,-0.836167
0,8.36,0.378598,-0.890801
0,8.38,0.360063,-0.930468
0,8.4,0.331031,-0.994972
0,8.42,0.315261,-0.981836
0,8.44,0.275567,-1.12312
0,8.46,0.242382,-1.16972
0,8.48,0.219912,-1.21143
0,8.5,0.212733,-1.2104
0,8.52,0.183134,-1.26986
0,8.54,0.14851,-1.31648
0,8.56,0.116154,-1.40775
0,8.58,0.080146,-1.43751
0,8.6,0.0491284,-1.45309
0,8.62,0.0322011,-1.4745
0,8.64,-0.00381298,-1.44281
0,8.66,-0.035664,-1.42262
0,8.68,-0.0523155,-1.38956
0,8.7,-0.0765566,-1.37968
0,8.72,-0.0937399,-1.34787
0,8.74,-0.130585,-1.32575
0,8.76,-0.177321,-1.33269
0,8.78,-0.232014,-1.31874
0,8.8,-0.230941,-1.29243
0,8.82,-0.240381,-1.23635
0,8.84,-0.274299,-1.11954
0,8.86,-0.285281,-1.13733
0,8.88,-0.288748,-1.11505
0,8.9,-0.31239,-1.011
0,8.92,-0.336264,-0.888499
0,8.94,-0.341033,-0.883873
0,8.96,-0.365503,-0.79057
0,8.98,-0.389231,-0.718252
0,9,-0.38822,-0.620763
0,9.02,-0.414778,-0.529563
0,9.04,-0.433168,-0.497471
0,9.06,-0.457373,-0.395068
0,9.08,-0.460449,-0.305812
0,9.1,-0.480208,-0.224645
0,9.12,-0.494972,-0.174633
0,9.14,-0.492737,-0.140713
0,9.16,-0.475646,0.0634513
0,9.18,-0.461911,0.104135
0,9.2,-0.45944,0.126346
0,9.22,-0.456882,0.241667
0,9.24,-0.436757,0.286399
0,9.26,-0.421011,0.426532
0,9.28,-0.380863,0.479123
0,9.3,-0.384504,0.564148
0,9.32,-0.418476,0.620549
0,9.34,-0.403351,0.678769
0,9.36,-0.408119,0.744165
0,9.38,-0.396455,0.84921
0,9.4,-0.385279,0.902028
0,9.42,-0.361123,0.98805
0,9.44,-0.37371,1.0282
0,9.46,-0.328532,1.06438
0,9.48,-0.321734,1.12671
0,9.5,-0.282402,1.157
0,9.52,-0.268106,1.16328
0,9.54,-0.238507,1.16166
0,9.56,-0.234809,1.16265
0,9.58,-0.198469,1.17205
0,9.6,-0.163071,1.20249
0,9.62,-0.112657,1.31669
0,9.64,-0.0671863,1.26082
0,9.66,-0.0783642,1.26161
0,9.68,-0.0417632,1.21126
0,9.7,-0.00312784,1.17693
0,9.72,0.0360843,1.15856
0,9.74,0.0734889,1.07464
0,9.76,0.0957008,1.06013
0,9.78,0.10166,1.12639
0,9.8,0.123071,1.15713
0,9.82,0.141942,1.10741
0,9.84,0.19023,1.07709
0,9.86,0.218922,1.03959
0,9.88,0.22065,0.969011
0,9.9,0.229738,0.921646
0,9.92,0.245315,0.859632
0,9.94,0.267427,0.795002
0,9.96,0.288381,0.701302
0,9.98,0.290948,0.607246
0,10,0.327609,0.557797
0,10.02,0.352586,0.547141
0,10.04,0.346149,0.491279
0,10.06,0.341492,0.395937
0,10.08,0.361777,0.384614
0,10.1,0.358663,0.292687
0,10.12,0.386116,0.141844
0,10.14,0.396749,0.0483617
0,10.16,0.384813,-0.0243097
0,10.18,0.396376,-0.142684
0,10.2,0.401599,-0.210209
0,10.22,0.378232,-0.219038
0,10.24,0.392894,-0.336865
0,10.26,0.376871,-0.379501
0,10.28,0.361678,-0.535385
0,10.3,0.370606,-0.602115
0,10.32,0.390047,-0.652272
0,10.34,0.377249,-0.594329
0,10.36,0.357222,-0.709803
0,10.38,0.34296,-0.727992
0,10.4,0.304803,-0.834734
0,10.42,0.293722,-1.0311
0,10.44,0.255938,-1.039
0,10.46,0.227195,-1.15096
0,10.48,0.238996,-1.24322
0,10.5,0.207093,-1.28204
0,10.52,0.185242,-1.31639
0,10.54,0.159998,-1.32804
0,10.56,0.134286,-1.3354
0,10.58,0.0712353,-1.32499
0,10.6,0.0274258,-1.42438
0,10.62,0.030269,-1.47288
0,10.64,0.0107269,-1.49079
0,10.66,-0.0233346,-1.44888
0,10.68,-0.0624757,-1.41108
0,10.7,-0.0770164,-1.33792
0,10.72,-0.103988,-1.27138
0,10.74,-0.0971969,-1.18224
0,10.76,-0.111475,-1.1441
0,10.78,-0.0896608,-1.02663
0,10.8,-0.130248,-0.969608
0,10.82,-0.146284,-0.947142
0,10.84,-0.169443,-0.901344
0,10.86,-0.178928,-0.863579
0,10.88,-0.198275,-0.771173
0,10.9,-0.21703,-0.715804
0,10.92,-0.223856,-0.610887
0,10.94,-0.226815,-0.5615
0,10.96,-0.24642,-0.57676
0,10.98,-0.262998,-0.573747
0,11,-0.299308,-0.490096
0,11.02,-0.317004,-0.413672
0,11.04,-0.341207,-0.305013
0,11.06,-0.350127,-0.199169
0,11.08,-0.349018,-0.13911
0,11.1,-0.365893,-0.082402
0,11.12,-0.359052,0.00532003
0,11.14,-0.384528,0.1063
0,11.16,-0.390359,0.195967
0,11.18,-0.402038,0.276611
0,11.2,-0.412618,0.3347
0,11.22,-0.412408,0.376184
0,11.24,-0.41475,0.425778
0,11.26,-0.433894,0.520717
0,11.28,-0.405388,0.555633
0,11.3,-0.415401,0.583818
0,11.32,-0.384518,0.668634
0,11.34,-0.374518,0.761197
0,11.36,-0.375032,0.784096
0,11.38,-0.34845,0.830461
0,11.4,-0.33911,0.772052
0,11.42,-0.307664,0.843382
0,11.44,-0.315665,0.921533
0,11.46,-0.292175,0.979715
0,11.48,-0.252746,0.989571
0,11.5,-0.218208,1.05981
0,11.52,-0.183549,1.16367
0,11.54,-0.151225,1.16259
0,11.56,-0.100938,1.13712
0,11.58,-0.0894784,1.11859
0,11.6,-0.0706402,1.18718
0,11.62,-0.0283931,1.21967
0,11.64,-0.0185992,1.20214
0,11.66,-0.00715968,1.24697
0,11.68,0.000677417,1.27927
0,11.7,0.0242098,1.274
0,11.72,0.0726035,1.23639
0,11.74,0.120729,1.15701
0,11.76,0.125886,1.07235
0,11.78,0.133695,1.08221
0,11.8,0.166494,1.07259
0,11.82,0.190046,0.993659
0,11.84,0.186979,0.978504
0,11.86,0.228797,0.928786
0,11.88,0.225343,0.826319
0,11.9,0.232777,0.859269
0,11.92,0.247992,0.768944
0,11.94,0.25591,0.703163
0,11.96,0.277733,0.628134
0,11.98,0.279083,0.572447
0,12,0.302477,0.552654
0,12.02,0.324907,0.476254
0,12.04,0.308684,0.384576
0,12.06,0.32579,0.270909
0,12.08,0.340231,0.192214
0,12.1,0.339128,0.186405
0,12.12,0.350311,0.183971
0,12.14,0.340734,0.163785
0,12.16,0.36091,-0.0383303
0,12.18,0.361721,-0.0335767
0,12.2,0.375081,-0.121181
0,12.22,0.369258,-0.243669
0,12.24,0.36947,-0.381361
0,12.26,0.348146,-0.386942
0,12.28,0.343143,-0.461176
0,12.3,0.335257,-0.400673
0,12.32,0.344494,-0.501672
0,12.34,0.36081,-0.567852
0,12.36,0.358218,-0.652913
0,12.38,0.326397,-0.673867
0,12.4,0.298046,-0.763714
0,12.42,0.296961,-0.863673
0,12.44,0.255979,-0.882973
0,12.46,0.207759,-0.957605
0,12.48,0.187497,-1.05146
0,12.5,0.154462,-1.05072
0,12.52,0.144854,-1.11923
0,12.54,0.137378,-1.07522
0,12.56,0.0987143,-1.09717
0,12.58,0.113962,-1.0921
0,12.6,0.106285,-1.12039
0,12.62,0.0707765,-1.08607
0,12.64,0.059777,-1.10343
0,12.66,0.0293479,-1.18826
0,12.68,0.00963063,-1.21567
0,12.7,-0.0150573,-1.17783
0,12.72,-0.0240945,-1.13705
0,12.74,-0.0111387,-1.07619
0,12.76,-0.049983,-1.10074
0,12.78,-0.0371421,-1.11037
0,12.8,-0.0656927,-1.00991
0,12.82,-0.0645907,-0.989954
0,12.84,-0.0889187,-1.0328
0,12.86,-0.130774,-1.01005
0,12.88,-0.155081,-0.980542
0,12.9,-0.175483,-0.838978
0,12.92,-0.189731,-0.784519
0,12.94,-0.210805,-0.748318
0,12.96,-0.210494,-0.742928
0,12.98,-0.232632,-0.734629
0,13,-0.249423,-0.667258
0,13.02,-0.251209,-0.55253
0,13.04,-0.256961,-0.423153
0,13.06,-0.247007,-0.354663
0,13.08,-0.257354,-0.381431
0,13.1,-0.267037,-0.315192
0,13.12,-0.307574,-0.266162
0,13.14,-0.3005,-0.249066
0,13.16,-0.287767,-0.153101
0,13.18,-0.299809,-0.0860057
0,13.2,-0.292316,-0.0738475
0,13.22,-0.26464,-0.0298498
0,13.24,-0.283592,0.103077
0,13.26,-0.273895,0.233245
0,13.28,-0.259298,0.31556
0,13.3,-0.281849,0.358731
0,13.32,-0.276359,0.422096
0,13.34,-0.305756,0.52916
0,13.36,-0.268921,0.647705
0,13.38,-0.277983,0.714262
0,13.4,-0.301769,0.831168
0,13.42,-0.317809,0.884615
0,13.44,-0.279696,0.972848
0,13.46,-0.256174,0.938093
0,13.48,-0.239714,0.957808
0,13.5,-0.214799,1.03028
0,13.52,-0.185104,1.1445
0,13.54,-0.155861,1.14
0,13.56,-0.111356,1.13864
0,13.58,-0.0905766,1.15763
0,13.6,-0.111006,1.17736
0,13.62,-0.0851964,1.17236
0,13.64,-0.0665187,1.11947
0,13.66,-0.0437353,1.18815
0,13.68,-0.0251337,1.16002
0,13.7,-0.0131264,1.23948
0,13.72,-0.0122585,1.25666
0,13.74,0.0142817,1.31351
0,13.76,0.0595186,1.27376
0,13.78,0.0559798,1.29754
0,13.8,0.103018,1.20488
0,13.82,0.135459,1.12849
0,13.84,0.14157,1.01887
0,13.86,0.176069,0.994077
0,13.88,0.201275,1.01549
0,13.9,0.227879,0.990679
0,13.92,0.254091,0.890689
0,13.94,0.265833,0.787343
0,13.96,0.263085,0.734564
0,13.98,0.292842,0.771483
0,14,0.285294,0.716558
0,14.02,0.295113,0.674661
0,14.04,0.314579,0.622306
0,14.06,0.306969,0.568987
0,14.08,0.32994,0.474648
0,14.1,0.367778,0.394198
0,14.12,0.359084,0.33716
0,14.14,0.356663,0.207483
0,14.16,0.357403,0.210387
0,14.18,0.389897,0.113649
0,14.2,0.400311,0.0498145
0,14.22,0.398412,0.0344317
0,14.24,0.404533,-0.0332007
0,14.26,0.379784,-0.154649
0,14.28,0.369895,-0.20769
0,14.3,0.368461,-0.241143
0,14.32,0.373067,-0.4124
0,14.34,0.374083,-0.513189
0,14.36,0.376413,-0.548964
0,14.38,0.368627,-0.622532
0,14.4,0.353854,-0.748887
0,14.42,0.351486,-0.799938
0,14.44,0.287545,-0.788938
0,14.46,0.296634,-0.864014
0,14.48,0.294967,-0.927857
0,14.5,0.234857,-0.969775
0,14.52,0.220265,-0.987234
0,14.54,0.201129,-0.996253
0,14.56,0.183325,-1.02607
0,14.58,0.151684,-1.05436
0,14.6,0.124863,-1.08026
0,14.62,0.0862292,-1.11219
0,14.64,0.068299,-1.10242
0,14.66,0.0475289,-1.11219
0,14.68,0.0362945,-1.07533
0,14.7,0.0263867,-1.14841
0,14.72,-0.00296095,-1.1054
0,14.74,-0.0156821,-1.06359
0,14.76,-0.0322914,-1.08696
0,14.78,-0.0343771,-1.12471
0,14.8,-0.0417959,-1.09601
0,14.82,-0.0898126,-1.08085
0,14.84,-0.0912629,-1.06958
0,14.86,-0.132962,-1.04053
0,14.88,-0.165396,-1.04917
0,14.9,-0.175412,-0.96281
0,14.92,-0.201402,-0.890098
0,14.94,-0.222981,-0.844429
0,14.96,-0.234865,-0.728214
0,14.98,-0.239922,-0.723076
0,15,-0.244767,-0.678015
1,0,-2.31242,-1.04931
1,0.02,-2.32898,-0.89612
1,0.04,-2.34881,-0.802866
1,0.06,-2.38637,-0.641585
1,0.08,-2.38807,-0.396004
1,0.1,-2.39347,-0.211882
1,0.12,-2.37398,-0.0794394
1,0.14,-2.37211,0.0372945
1,0.16,-2.34029,0.10987
1,0.18,-2.33803,0.31285
1,0.2,-2.33386,0.426336
1,0.22,-2.32107,0.590234
1,0.24,-2.30033,0.742531
1,0.26,-2.27456,0.923751
1,0.28,-2.27691,1.04648
1,0.3,-2.2423,1.21082
1,0.32,-2.21627,1.3839
1,0.34,-2.17577,1.49208
1,0.36,-2.16869,1.59518
1,0.38,-2.10622,1.71111
1,0.4,-2.07723,1.87198
1,0.42,-2.02368,1.9702
1,0.44,-1.9854,2.20507
1,0.46,-1.92448,2.40259
1,0.48,-1.88367,2.65881
1,0.5,-1.86112,2.87712
1,0.52,-1.79652,3.07786
1,0.54,-1.73284,3.26281
1,0.56,-1.65489,3.39165
1,0.58,-1.60963,3.58378
1,0.6,-1.53724,3.77593
1,0.62,-1.43616,3.93528
1,0.64,-1.34735,4.13682
1,0.66,-1.22958,4.25721
1,0.68,-1.15865,4.41953
1,0.7,-1.05237,4.56155
1,0.72,-0.938793,4.80182
1,0.74,-0.836747,4.97486
1,0.76,-0.771316,5.12326
1,0.78,-0.697628,5.23404
1,0.8,-0.592151,5.3334
1,0.82,-0.472472,5.42463
1,0.84,-0.39264,5.45782
1,0.86,-0.304051,5.50722
1,0.88,-0.17154,5.57157
1,0.9,-0.0552645,5.53487
1,0.92,0.0934944,5.53505
1,0.94,0.239023,5.47661
1,0.96,0.332158,5.54773
1,0.98,0.417679,5.49255
1,1,0.515921,5.36322
1,1.02,0.653551,5.211
1,1.04,0.765256,5.13618
1,1.06,0.842634,4.91252
1,1.08,0.906991,4.73044
1,1.1,1.00389,4.58787
1,1.12,1.09049,4.41416
1,1.14,1.19277,4.26942
1,1.16,1.28022,4.05507
1,1.18,1.36992,3.87237
1,1.2,1.43005,3.65258
1,1.22,1.51975,3.53634
1,1.24,1.57524,3.2429
1,1.26,1.64602,3.00883
1,1.28,1.71444,2.80132
1,1.3,1.80222,2.61679
1,1.32,1.86142,2.37597
1,1.34,1.85581,2.19957
1,1.36,1.90151,2.04892
1,1.38,1.93006,1.81084
1,1.4,1.93911,1.65934
1,1.42,1.98457,1.44605
1,1.44,2.00511,1.24475
1,1.46,2.00084,1.08774
1,1.48,2.04032,0.91293
1,1.5,2.0379,0.741254
1,1.52,2.07918,0.670822
1,1.54,2.09672,0.467075
1,1.56,2.07385,0.235624
1,1.58,2.0814,0.0871553
1,1.6,2.09092,-0.0835093
1,1.62,2.06722,-0.309686
1,1.64,2.0697,-0.497829
1,1.66,2.0868,-0.711344
1,1.68,2.10417,-0.887051
1,1.7,2.09161,-1.02495
1,1.72,2.06622,-1.26286
1,1.74,2.03587,-1.34437
1,1.76,1.99,-1.58051
1,1.78,1.95986,-1.7512
1,1.8,1.90895,-1.93899
1,1.82,1.86944,-2.11337
1,1.84,1.83707,-2.24256
1,1.86,1.80395,-2.3947
1,1.88,1.78702,-2.51971
1,1.9,1.68911,-2.71483
1,1.92,1.61377,-2.92443
1,1.94,1.57467,-3.11192
1,1.96,1.51047,-3.23494
1,1.98,1.42532,-3.42443
1,2,1.3715,-3.60748
1,2.02,1.28469,-3.79058
1,2.04,1.22741,-3.95411
1,2.06,1.15665,-4.11672
1,2.08,1.07847,-4.34069
1,2.1,0.989182,-4.48002
1,2.12,0.851571,-4.59833
1,2.14,0.771491,-4.78782
1,2.16,0.669824,-4.92223
1,2.18,0.584988,-5.04911
1,2.2,0.508791,-5.1253
1,2.22,0.396733,-5.22434
1,2.24,0.30054,-5.25192
1,2.26,0.209784,-5.29893
1,2.28,0.108321,-5.32233
1,2.3,0.0170081,-5.36622
1,2.32,-0.0791935,-5.4223
1,2.34,-0.178278,-5.36027
1,2.36,-0.284336,-5.38265
1,2.38,-0.363555,-5.24806
1,2.4,-0.468345,-5.11967
1,2.42,-0.586305,-4.97521
1,2.44,-0.659591,-4.89054
1,2.46,-0.714222,-4.75573
1,2.48,-0.799982,-4.6243
1,2.5,-0.890141,-4.49883
1,2.52,-0.993636,-4.31542
1,2.54,-1.09161,-4.12575
1,2.56,-1.1578,-3.9749
1,2.58,-1.25638,-3.75886
1,2.6,-1.33833,-3.58646
1,2.62,-1.40382,-3.39039
1,2.64,-1.46201,-3.1701
1,2.66,-1.52521,-2.95236
1,2.68,-1.56402,-2.67721
1,2.7,-1.6194,-2.5103
1,2.72,-1.69203,-2.39255
1,2.74,-1.75254,-2.20896
1,2.76,-1.78905,-2.0695
1,2.78,-1.7978,-1.80022
1,2.8,-1.80814,-1.60759
1,2.82,-1.83275,-1.43529
1,2.84,-1.83259,-1.27417
1,2.86,-1.86423,-0.999076
1,2.88,-1.84226,-0.798889
1,2.9,-1.86716,-0.704546
1,2.92,-1.85262,-0.481719
1,2.94,-1.89467,-0.239398
1,2.96,-1.88882,-0.0558351
1,2.98,-1.89882,0.173828
1,3,-1.89099,0.388443
1,3.02,-1.86349,0.630358
1,3.04,-1.84148,0.840901
1,3.06,-1.84947,0.976731
1,3.08,-1.81723,1.19362
1,3.1,-1.78713,1.41657
1,3.12,-1.77104,1.62511
1,3.14,-1.75688,1.81107
1,3.16,-1.70601,1.96664
1,3.18,-1.63618,2.20386
1,3.2,-1.57481,2.37948
1,3.22,-1.55591,2.53608
1,3.24,-1.49886,2.71395
1,3.26,-1.43571,2.91084
1,3.28,-1.39066,3.13926
1,3.3,-1.30897,3.2904
1,3.32,-1.23893,3.48011
1,3.34,-1.16925,3.65407
1,3.36,-1.12066,3.88815
1,3.38,-1.06266,4.01237
1,3.4,-0.971877,4.17813
1,3.42,-0.90239,4.29834
1,3.44,-0.81818,4.42047
1,3.46,-0.71794,4.50117
1,3.48,-0.620854,4.68828
1,3.5,-0.524689,4.74979
1,3.52,-0.441772,4.83876
1,3.54,-0.354394,4.96075
1,3.56,-0.284459,5.07618
1,3.58,-0.213812,5.09405
1,3.6,-0.12462,5.1304
1,3.62,-0.0293247,5.06091
1,3.64,0.0730929,5.00866
1,3.66,0.148699,4.97645
1,3.68,0.218099,4.95482
1,3.7,0.322166,4.90127
1,3.72,0.419227,4.75316
1,3.74,0.534083,4.60308
1,3.76,0.608652,4.46331
1,3.78,0.684746,4.31474
1,3.8,0.803483,4.19698
1,3.82,0.893284,4.01731
1,3.84,0.973648,3.81047
1,3.86,1.06103,3.62036
1,3.88,1.13148,3.4437
1,3.9,1.17168,3.33357
1,3.92,1.25345,3.06858
1,3.94,1.32105,2.8194
1,3.96,1.37322,2.58369
1,3.98,1.44802,2.30681
1,4,1.49303,2.04881
1,4.02,1.5396,1.85357
1,4.04,1.55938,1.73339
1,4.06,1.62506,1.52027
1,4.08,1.66684,1.3272
1,4.1,1.69905,1.20648
1,4.12,1.71851,1.09027
1,4.14,1.73408,0.886479
1,4.16,1.78129,0.700287
1,4.18,1.75802,0.512015
1,4.2,1.74646,0.24329
1,4.22,1.73843,0.0678069
1,4.24,1.72495,-0.182734
1,4.26,1.72081,-0.349882
1,4.28,1.70772,-0.592467
1,4.3,1.66746,-0.807251
1,4.32,1.67497,-0.943774
1,4.34,1.67546,-1.13633
1,4.36,1.65944,-1.26736
1,4.38,1.62272,-1.44337
1,4.4,1.56691,-1.6076
1,4.42,1.53269,-1.8533
1,4.44,1.51433,-2.09168
1,4.46,1.46359,-2.21185
1,4.48,1.40695,-2.4322
1,4.5,1.35339,-2.58681
1,4.52,1.27775,-2.72327
1,4.54,1.22628,-2.92943
1,4.56,1.15994,-3.12296
1,4.58,1.12874,-3.2959
1,4.6,1.05181,-3.48816
1,4.62,0.996035,-3.65374
1,4.64,0.922581,-3.78979
1,4.66,0.855846,-3.99139
1,4.68,0.748255,-4.11042
1,4.7,0.70157,-4.27678
1,4.72,0.6164,-4.33383
1,4.74,0.559308,-4.43807
1,4.76,0.489243,-4.4978
1,4.78,0.386359,-4.66264
1,4.8,0.277577,-4.69903
1,4.82,0.190897,-4.75677
1,4.84,0.0822651,-4.84112
1,4.86,-0.0384677,-4.83715
1,4.88,-0.154736,-4.81042
1,4.9,-0.25575,-4.78368
1,4.92,-0.307922,-4.71767
1,4.94,-0.402842,-4.6449
1,4.96,-0.514131,-4.491
1,4.98,-0.583884,-4.40812
1,5,-0.663281,-4.31469
1,5.02,-0.738163,-4.23429
1,5.04,-0.813261,-4.01529
1,5.06,-0.883082,-3.88269
1,5.08,-0.94241,-3.63009
1,5.1,-1.00348,-3.45768
1,5.12,-1.08688,-3.26417
1,5.14,-1.12109,-3.17147
1,5.16,-1.16986,-2.97258
1,5.18,-1.20737,-2.78296
1,5.2,-1.30237,-2.49976
1,5.22,-1.37304,-2.27436
1,5.24,-1.42092,-2.08638
1,5.26,-1.46028,-1.9182
1,5.28,-1.49505,-1.71006
1,5.3,-1.51614,-1.51055
1,5.32,-1.54227,-1.2598
1,5.34,-1.58445,-1.06838
1,5.36,-1.59867,-0.835435
1,5.38,-1.6184,-0.646535
1,5.4,-1.63848,-0.408548
1,5.42,-1.65357,-0.198928
1,5.44,-1.66063,-0.0191063
1,5.46,-1.68174,0.162992
1,5.48,-1.67771,0.280201
1,5.5,-1.68143,0.448917
1,5.52,-1.69301,0.587353
1,5.54,-1.65007,0.739186
1,5.56,-1.64374,0.879421
1,5.58,-1.59869,1.12374
1,5.6,-1.56679,1.32705
1,5.62,-1.54474,1.51319
1,5.64,-1.52103,1.73971
1,5.66,-1.47044,1.97282
1,5.68,-1.39543,2.19178
1,5.7,-1.34289,2.41892
1,5.72,-1.32254,2.59736
1,5.74,-1.29519,2.84108
1,5.76,-1.24523,3.08373
1,5.78,-1.16597,3.21647
1,5.8,-1.12921,3.32395
1,5.82,-1.04285,3.46596
1,5.84,-0.995996,3.6072
1,5.86,-0.892502,3.82019
1,5.88,-0.824206,3.96173
1,5.9,-0.734945,4.01604
1,5.92,-0.662838,4.11194
1,5.94,-0.572509,4.19255
1,5.96,-0.510087,4.29719
1,5.98,-0.431555,4.31902
1,6,-0.360303,4.37328
1,6.02,-0.243108,4.41353
1,6.04,-0.134164,4.34835
1,6.06,-0.0577156,4.31703
1,6.08,0.0291866,4.35878
1,6.1,0.111632,4.29174
1,6.12,0.218227,4.23208
1,6.14,0.311081,4.16135
1,6.16,0.406001,4.08752
1,6.18,0.502867,4.04102
1,6.2,0.619576,3.94563
1,6.22,0.678952,3.78962
1,6.24,0.744024,3.69076
1,6.26,0.805744,3.62651
1,6.28,0.880624,3.43788
1,6.3,0.941372,3.2587
1,6.32,1.01001,3.0573
1,6.34,1.09276,2.88137
1,6.36,1.14534,2.75485
1,6.38,1.18663,2.57896
1,6.4,1.26662,2.41622
1,6.42,1.31573,2.21011
1,6.44,1.34001,2.09843
1,6.46,1.37583,1.98333
1,6.48,1.39966,1.83159
1,6.5,1.42851,1.63883
1,6.52,1.4767,1.44627
1,6.54,1.51222,1.16735
1,6.56,1.52223,1.05081
1,6.58,1.53304,0.852533
1,6.6,1.54151,0.614388
1,6.62,1.5249,0.358412
1,6.64,1.55818,0.154132
1,6.66,1.53823,-0.0842671
1,6.68,1.54973,-0.319888
1,6.7,1.53159,-0.55835
1,6.72,1.50038,-0.673802
1,6.74,1.48533,-0.880938
1,6.76,1.45895,-1.042
1,6.78,1.44013,-1.22357
1,6.8,1.41827,-1.43318
1,6.82,1.38209,-1.69882
1,6.84,1.34248,-1.78892
1,6.86,1.28753,-1.97952
1,6.88,1.25597,-2.11679
1,6.9,1.25721,-2.3242
1,6.92,1.193,-2.46357
1,6.94,1.14435,-2.56252
1,6.96,1.10009,-2.77877
1,6.98,1.03635,-2.93821
1,7,0.981055,-3.15831
1,7.02,0.882698,-3.38489
1,7.04,0.825705,-3.53341
1,7.06,0.725122,-3.68881
1,7.08,0.623211,-3.81908
1,7.1,0.539044,-3.94951
1,7.12,0.46616,-4.03364
1,7.14,0.393187,-4.05812
1,7.16,0.35575,-4.0929
1,7.18,0.270724,-4.12024
1,7.2,0.176236,-4.20192
1,7.22,0.0798221,-4.21521
1,7.24,0.0183692,-4.13025
1,7.26,-0.0440272,-4.10296
1,7.28,-0.140849,-4.08728
1,7.3,-0.21585,-4.06263
1,7.32,-0.269403,-4.05003
1,7.34,-0.366212,-3.96616
1,7.36,-0.415892,-3.96244
1,7.38,-0.512796,-3.80393
1,7.4,-0.602935,-3.6053
1,7.42,-0.691528,-3.44547
1,7.44,-0.764107,-3.30448
1,7.46,-0.848976,-3.24257
1,7.48,-0.899846,-3.11759
1,7.5,-0.976314,-3.00671
1,7.52,-1.05002,-2.77903
1,7.54,-1.11677,-2.63269
1,7.56,-1.13209,-2.4741
1,7.58,-1.17927,-2.27534
1,7.6,-1.22749,-2.12009
1,7.62,-1.24607,-1.91607
1,7.64,-1.29387,-1.78447
1,7.66,-1.34524,-1.62999
1,7.68,-1.407,-1.37659
1,7.7,-1.42508,-1.15565
1,7.72,-1.46453,-0.980551
1,7.74,-1.47918,-0.779232
1,7.76,-1.48962,-0.6349
1,7.78,-1.47545,-0.401946
1,7.8,-1.47616,-0.159189
1,7.82,-1.45512,0.0939665
1,7.84,-1.44933,0.267836
1,7.86,-1.45039,0.494832
1,7.88,-1.45042,0.64076
1,7.9,-1.42528,0.852125
1,7.92,-1.39607,1.00208
1,7.94,-1.3696,1.23059
1,7.96,-1.35243,1.40344
1,7.98,-1.32771,1.6528
1,8,-1.27942,1.77186
1,8.02,-1.2681,1.98042
1,8.04,-1.22947,2.17873
1,8.06,-1.17933,2.39241
1,8.08,-1.15688,2.53201
1,8.1,-1.09816,2.70391
1,8.12,-1.05627,2.83768
1,8.14,-1.00408,2.99279
1,8.16,-0.927482,3.12749
1,8.18,-0.863354,3.17814
1,8.2,-0.811198,3.39794
1,8.22,-0.765615,3.57846
1,8.24,-0.692432,3.60032
1,8.26,-0.58892,3.75847
1,8.28,-0.518207,3.88057
1,8.3,-0.443009,3.95105
1,8.32,-0.357826,3.99585
1,8.34,-0.266461,4.05392
1,8.36,-0.192437,4.09177
1,8.38,-0.117289,4.10645
1,8.4,-0.0410487,4.10391
1,8.42,0.0693918,4.0537
1,8.44,0.126863,4.08739
1,8.46,0.214196,4.00323
1,8.48,0.290888,3.89664
1,8.5,0.385556,3.84979
1,8.52,0.471794,3.76533
1,8.54,0.511721,3.60738
1,8.56,0.590551,3.38029
1,8.58,0.660339,3.22318
1,8.6,0.738935,3.09465
1,8.62,0.820368,2.97926
1,8.64,0.88175,2.79685
1,8.66,0.948218,2.75366
1,8.68,0.972724,2.54713
1,8.7,1.05135,2.40497
1,8.72,1.09203,2.26691
1,8.74,1.13997,2.0599
1,8.76,1.16768,1.91693
1,8.78,1.20929,1.77691
1,8.8,1.25165,1.55795
1,8.82,1.30335,1.32732
1,8.84,1.31701,1.10562
1,8.86,1.31267,0.946272
1,8.88,1.31269,0.727271
1,8.9,1.34286,0.576892
1,8.92,1.34225,0.329288
1,8.94,1.34719,0.0748814
1,8.96,1.33373,-0.121346
1,8.98,1.33176,-0.323924
1,9,1.32619,-0.442034
1,9.02,1.32929,-0.56685
1,9.04,1.33168,-0.746375
1,9.06,1.29463,-0.992836
1,9.08,1.27512,-1.1925
1,9.1,1.23698,-1.3543
1,9.12,1.23141,-1.53695
1,9.14,1.20153,-1.73787
1,9.16,1.15536,-1.82631
1,9.18,1.09753,-2.01183
1,9.2,1.0512,-2.19036
1,9.22,1.02602,-2.31664
1,9.24,0.9763,-2.43643
1,9.26,0.913332,-2.58752
1,9.28,0.88952,-2.77251
1,9.3,0.834183,-2.85786
1,9.32,0.758851,-3.00203
1,9.34,0.690881,-3.18664
1,9.36,0.632559,-3.34369
1,9.38,0.591494,-3.44877
1,9.4,0.515581,-3.54126
1,9.42,0.443562,-3.63162
1,9.44,0.369337,-3.72391
1,9.46,0.284988,-3.75282
1,9.48,0.174226,-3.82664
1,9.5,0.101014,-3.83354
1,9.52,0.0207093,-3.83611
1,9.54,-0.0585977,-3.90977
1,9.56,-0.116527,-3.86954
1,9.58,-0.206415,-3.76491
1,9.6,-0.267621,-3.74258
1,9.62,-0.322132,-3.65372
1,9.64,-0.381652,-3.60273
1,9.66,-0.463182,-3.54581
1,9.68,-0.541462,-3.53732
1,9.7,-0.590384,-3.45988
1,9.72,-0.647023,-3.3736
1,9.74,-0.709184,-3.26965
1,9.76,-0.770769,-3.1717
1,9.78,-0.838436,-2.96517
1,9.8,-0.888871,-2.7785
1,9.82,-0.953722,-2.69018
1,9.84,-1.01435,-2.51728
1,9.86,-1.03184,-2.29434
1,9.88,-1.06723,-2.12201
1,9.9,-1.11642,-1.89397
1,9.92,-1.15494,-1.71008
1,9.94,-1.15223,-1.55195
1,9.96,-1.18455,-1.35836
1,9.98,-1.21843,-1.21404
1,10,-1.21626,-1.06466
1,10.02,-1.24758,-0.839533
1,10.04,-1.27886,-0.635415
1,10.06,-1.28832,-0.436255
1,10.08,-1.29186,-0.288406
1,10.1,-1.29819,-0.0217342
1,10.12,-1.27234,0.156746
1,10.14,-1.24616,0.319978
1,10.16,-1.25762,0.438468
1,10.18,-1.25896,0.668314
1,10.2,-1.2422,0.943449
1,10.22,-1.2027,1.12131
1,10.24,-1.17841,1.30321
1,10.26,-1.13058,1.475
1,10.28,-1.0974,1.62919
1,10.3,-1.03951,1.79827
1,10.32,-1.01178,1.91328
1,10.34,-0.95344,2.06838
1,10.36,-0.910142,2.22651
1,10.38,-0.865303,2.31118
1,10.4,-0.826687,2.43405
1,10.42,-0.735968,2.65533
1,10.44,-0.674251,2.90848
1,10.46,-0.596855,2.97613
1,10.48,-0.560274,3.10788
1,10.5,-0.499337,3.2242
1,10.52,-0.448357,3.39711
1,10.54,-0.386521,3.51823
1,10.56,-0.293397,3.54903
1,10.58,-0.215772,3.66277
1,10.6,-0.123732,3.72032
1,10.62,-0.0496271,3.7328
1,10.64,0.0379712,3.75346
1,10.66,0.105559,3.7133
1,10.68,0.149477,3.67496
1,10.7,0.247647,3.611
1,10.72,0.301816,3.54654
1,10.74,0.363449,3.45669
1,10.76,0.438341,3.39464
1,10.78,0.519663,3.33094
1,10.8,0.581549,3.13781
1,10.82,0.641812,3.00543
1,10.84,0.714259,2.89653
1,10.86,0.753278,2.75117
1,10.88,0.784441,2.59909
1,10.9,0.83972,2.51496
1,10.92,0.895075,2.40245
1,10.94,0.952774,2.23182
1,10.96,1.01525,2.01354
1,10.98,1.05103,1.83181
1,11,1.05011,1.74126
1,11.02,1.04899,1.59812
1,11.04,1.10909,1.41117
1,11.06,1.13176,1.15066
1,11.08,1.14903,1.03987
1,11.1,1.15883,0.817158
1,11.12,1.13692,0.694252
1,11.14,1.15917,0.49689
1,11.16,1.18691,0.290854
1,11.18,1.18677,0.200531
1,11.2,1.17433,0.0227093
1,11.22,1.17765,-0.163432
1,11.24,1.17319,-0.408539
1,11.26,1.16257,-0.600847
1,11.28,1.1398,-0.816023
1,11.3,1.10897,-1.02505
1,11.32,1.09874,-1.19292
1,11.34,1.10409,-1.33512
1,11.36,1.06663,-1.52669
1,11.38,1.03356,-1.70503
1,11.4,1.0002,-1.78082
1,11.42,0.960945,-1.93873
1,11.44,0.901866,-2.16202
1,11.46,0.858597,-2.32695
1,11.48,0.817748,-2.40864
1,11.5,0.761945,-2.57728
1,11.52,0.728116,-2.72486
1,11.54,0.674998,-2.84857
1,11.56,0.648764,-3.03081
1,11.58,0.57359,-3.09688
1,11.6,0.530007,-3.22835
1,11.62,0.483154,-3.32129
1,11.64,0.402312,-3.40852
1,11.66,0.339209,-3.43441
1,11.68,0.254874,-3.463
1,11.7,0.179399,-3.54023
1,11.72,0.137636,-3.59024
1,11.74,0.0672206,-3.63229
1,11.76,-0.0116823,-3.60366
1,11.78,-0.0797446,-3.61144
1,11.8,-0.151883,-3.54443
1,11.82,-0.196903,-3.44863
1,11.84,-0.249753,-3.35221
1,11.86,-0.330771,-3.28849
1,11.88,-0.383216,-3.22778
1,11.9,-0.467776,-3.1264
1,11.92,-0.559333,-3.04707
1,11.94,-0.634568,-2.9399
1,11.96,-0.666047,-2.70647
1,11.98,-0.708996,-2.61631
1,12,-0.748003,-2.45576
1,12.02,-0.806839,-2.27123
1,12.04,-0.859642,-2.1473
1,12.06,-0.899789,-1.96151
1,12.08,-0.943765,-1.78837
1,12.1,-1.00752,-1.61535
1,12.12,-1.04324,-1.47478
1,12.14,-1.10825,-1.36837
1,12.16,-1.15354,-1.16545
1,12.18,-1.17999,-0.977937
1,12.2,-1.17688,-0.825362
1,12.22,-1.19958,-0.594299
1,12.24,-1.19705,-0.472411
1,12.26,-1.18876,-0.320256
1,12.28,-1.1787,-0.10175
1,12.3,-1.18717,0.0981745
1,12.32,-1.22671,0.297734
1,12.34,-1.24141,0.578831
1,12.36,-1.21302,0.714127
1,12.38,-1.17032,0.844677
1,12.4,-1.14342,0.999136
1,12.42,-1.11594,1.14147
1,12.44,-1.07868,1.27633
1,12.46,-1.04465,1.46999
1,12.48,-1.01945,1.66617
1,12.5,-0.973026,1.80656
1,12.52,-0.940892,1.95473
1,12.54,-0.904261,2.07846
1,12.56,-0.859201,2.21187
1,12.58,-0.807688,2.40968
1,12.6,-0.741082,2.57002
1,12.62,-0.680156,2.65751
1,12.64,-0.643378,2.75624
1,12.66,-0.566454,2.9085
1,12.68,-0.532415,2.91926
1,12.7,-0.443601,3.06499
1,12.72,-0.393351,3.12957
1,12.74,-0.32974,3.23421
1,12.76,-0.273829,3.30095
1,12.78,-0.203969,3.34144
1,12.8,-0.121415,3.36264
1,12.82,-0.0779772,3.40392
1,12.84,-0.0193798,3.42937
1,12.86,0.051932,3.35929
1,12.88,0.122112,3.29692
1,12.9,0.191384,3.23562
1,12.92,0.271241,3.15131
1,12.94,0.326074,3.05913
1,12.96,0.373416,2.97702
1,12.98,0.436844,2.9205
1,13,0.495451,2.80759
1,13.02,0.525956,2.74671
1,13.04,0.573805,2.6495
1,13.06,0.61087,2.59014
1,13.08,0.675242,2.4144
1,13.1,0.729854,2.33197
1,13.12,0.77236,2.108
1,13.14,0.822297,2.03856
1,13.16,0.835094,1.92138
1,13.18,0.869326,1.74883
1,13.2,0.907275,1.57873
1,13.22,0.952168,1.35626
1,13.24,0.976752,1.14697
1,13.26,0.991153,1.10702
1,13.28,0.997465,0.944731
1,13.3,1.02017,0.679179
1,13.32,1.01515,0.426652
1,13.34,1.02439,0.203123
1,13.36,1.01801,-0.0248936
1,13.38,1.03463,-0.156063
1,13.4,1.05938,-0.323925
1,13.42,1.06588,-0.435589
1,13.44,1.08961,-0.653802
1,13.46,1.05973,-0.854255
1,13.48,1.01889,-0.977225
1,13.5,1.01139,-1.1927
1,13.52,0.970121,-1.32732
1,13.54,0.937098,-1.46529
1,13.56,0.906856,-1.56637
1,13.58,0.894605,-1.7925
1,13.6,0.88109,-1.94908
1,13.62,0.822274,-2.05332
1,13.64,0.765247,-2.2353
1,13.66,0.717434,-2.29462
1,13.68,0.643711,-2.45696
1,13.7,0.572404,-2.61501
1,13.72,0.526084,-2.76576
1,13.74,0.484673,-2.84264
1,13.76,0.44689,-2.83497
1,13.78,0.378068,-2.92991
1,13.8,0.315201,-3.01181
1,13.82,0.267832,-3.0367
1,13.84,0.203519,-3.02247
1,13.86,0.142563,-3.06473
1,13.88,0.0709995,-3.06099
1,13.9,0.0264958,-3.07643
1,13.92,-0.0667335,-3.08994
1,13.94,-0.112349,-3.09736
1,13.96,-0.170395,-3.051
1,13.98,-0.256043,-2.98293
1,14,-0.339597,-2.93634
1,14.02,-0.379853,-2.90393
1,14.04,-0.422455,-2.81548
1,14.06,-0.48123,-2.75782
1,14.08,-0.516478,-2.65689
1,14.1,-0.555067,-2.54341
1,14.12,-0.611915,-2.48554
1,14.14,-0.673224,-2.42668
1,14.16,-0.746824,-2.32296
1,14.18,-0.797241,-2.18271
1,14.2,-0.833453,-2.02432
1,14.22,-0.845486,-1.92073
1,14.24,-0.879505,-1.78298
1,14.26,-0.92077,-1.67496
1,14.28,-0.943024,-1.49685
1,14.3,-0.968326,-1.30529
1,14.32,-0.981038,-1.09539
1,14.34,-0.995914,-0.925087
1,14.36,-0.990625,-0.778944
1,14.38,-0.994892,-0.568772
1,14.4,-0.989643,-0.369229
1,14.42,-0.987092,-0.22017
1,14.44,-0.976335,-0.0786606
1,14.46,-0.986371,0.0775824
1,14.48,-0.97654,0.312193
1,14.5,-0.95147,0.524718
1,14.52,-0.935141,0.68342
1,14.54,-0.941409,0.809448
1,14.56,-0.926239,1.03504
1,14.58,-0.900686,1.19468
1,14.6,-0.872566,1.27813
1,14.62,-0.861998,1.4449
1,14.64,-0.819707,1.55907
1,14.66,-0.783366,1.61736
1,14.68,-0.745549,1.82107
1,14.7,-0.716722,1.92581
1,14.72,-0.637961,2.05615
1,14.74,-0.581474,2.15008
1,14.76,-0.565601,2.20231
1,14.78,-0.509316,2.24787
1,14.8,-0.500248,2.33624
1,14.82,-0.45931,2.43156
1,14.84,-0.429413,2.49455
1,14.86,-0.37474,2.50165
1,14.88,-0.318116,2.61366
1,14.9,-0.239858,2.70371
1,14.92,-0.166332,2.7724
1,14.94,-0.0882556,2.81967
1,14.96,-0.00210636,2.87395
1,14.98,0.0388014,2.89534
1,15,0.062386,2.94755
2,0,1.55622,0.946433
2,0.02,1.60747,0.737137
2,0.04,1.61601,0.52252
2,0.06,1.62623,0.411287
2,0.08,1.64689,0.207475
2,0.1,1.65821,-0.0935087
2,0.12,1.64922,-0.416607
2,0.14,1.65288,-0.698347
2,0.16,1.64205,-0.916953
2,0.18,1.65963,-1.14827
2,0.2,1.6232,-1.24902
2,0.22,1.59695,-1.42206
2,0.24,1.55612,-1.60126
2,0.26,1.50428,-1.79202
2,0.28,1.46197,-1.94336
2,0.3,1.41851,-2.09214
2,0.32,1.34628,-2.21884
2,0.34,1.30463,-2.33929
2,0.36,1.25993,-2.53747
2,0.38,1.20469,-2.77515
2,0.4,1.14006,-2.94492
2,0.42,1.0785,-3.18748
2,0.44,1.0194,-3.38903
2,0.46,0.945172,-3.4998
2,0.48,0.860628,-3.64809
2,0.5,0.778929,-3.75798
2,0.52,0.683904,-3.9491
2,0.54,0.573457,-3.96238
2,0.56,0.508525,-3.99654
2,0.58,0.423127,-4.04453
2,0.6,0.335266,-4.18347
2,0.62,0.267368,-4.25859
2,0.64,0.187258,-4.28498
2,0.66,0.111239,-4.3229
2,0.68,-0.013065,-4.38395
2,0.7,-0.0871607,-4.28826
2,0.72,-0.171894,-4.20818
2,0.74,-0.29396,-4.11178
2,0.76,-0.391316,-4.11125
2,0.78,-0.472558,-4.03298
2,0.8,-0.566875,-3.91008
2,0.82,-0.661941,-3.81313
2,0.84,-0.744239,-3.69908
2,0.86,-0.841922,-3.62374
2,0.88,-0.922232,-3.4514
2,0.9,-1.01486,-3.23749
2,0.92,-1.0742,-3.08733
2,0.94,-1.16388,-2.97109
2,0.96,-1.19281,-2.74525
2,0.98,-1.25089,-2.53506
2,1,-1.28635,-2.34456
2,1.02,-1.32612,-2.11385
2,1.04,-1.38722,-1.92194
2,1.06,-1.39049,-1.72256
2,1.08,-1.42323,-1.53295
2,1.1,-1.44372,-1.37557
2,1.12,-1.44857,-1.14439
2,1.14,-1.4913,-0.894135
2,1.16,-1.5056,-0.73573
2,1.18,-1.50261,-0.598902
2,1.2,-1.5052,-0.437335
2,1.22,-1.51316,-0.241863
2,1.24,-1.51652,-0.0771424
2,1.26,-1.49712,0.128961
2,1.28,-1.4874,0.346965
2,1.3,-1.51644,0.563315
2,1.32,-1.46709,0.69393
2,1.34,-1.41444,0.798032
2,1.36,-1.41385,1.01578
2,1.38,-1.40614,1.16335
2,1.4,-1.38114,1.37114
2,1.42,-1.3407,1.54569
2,1.44,-1.34458,1.75637
2,1.46,-1.28736,1.91874
2,1.48,-1.23676,2.04266
2,1.5,-1.20798,2.17735
2,1.52,-1.1609,2.31398
2,1.54,-1.08509,2.52272
2,1.56,-1.03443,2.73192
2,1.58,-0.960157,2.91757
2,1.6,-0.918535,3.08172
2,1.62,-0.865476,3.25711
2,1.64,-0.807648,3.40162
2,1.66,-0.722978,3.49934
2,1.68,-0.656662,3.61434
2,1.7,-0.594932,3.83806
2,1.72,-0.501118,3.90058
2,1.74,-0.436504,3.99621
2,1.76,-0.338134,4.05773
2,1.78,-0.247054,4.03511
2,1.8,-0.163263,4.13634
2,1.82,-0.0829151,4.13186
2,1.84,0.0133276,4.09933
2,1.86,0.085728,4.12299
2,1.88,0.148755,4.21446
2,1.9,0.224718,4.07907
2,1.92,0.321239,4.03923
2,1.94,0.396519,3.98842
2,1.96,0.481689,3.89595
2,1.98,0.565169,3.81209
2,2,0.650152,3.67682
2,2.02,0.710111,3.57986
2,2.04,0.786274,3.44181
2,2.06,0.84922,3.33639
2,2.08,0.894269,3.12646
2,2.1,0.964676,2.9826
2,2.12,1.00662,2.80179
2,2.14,1.04583,2.60663
2,2.16,1.11668,2.43339
2,2.18,1.14256,2.27599
2,2.2,1.19339,2.08778
2,2.22,1.23012,1.92144
2,2.24,1.27693,1.72511
2,2.26,1.29728,1.52225
2,2.28,1.33993,1.36212
2,2.3,1.35465,1.28628
2,2.32,1.41387,1.03165
2,2.34,1.4414,0.785146
2,2.36,1.44804,0.652767
2,2.38,1.46321,0.396759
2,2.4,1.46974,0.0932722
2,2.42,1.43824,-0.0925757
2,2.44,1.41843,-0.212844
2,2.46,1.41197,-0.352664
2,2.48,1.40141,-0.544446
2,2.5,1.38792,-0.658562
2,2.52,1.3939,-0.911244
2,2.54,1.36334,-1.0365
2,2.56,1.30976,-1.16006
2,2.58,1.28984,-1.41043
2,2.6,1.21913,-1.60593
2,2.62,1.21263,-1.79015
2,2.64,1.18032,-1.96014
2,2.66,1.13078,-2.13108
2,2.68,1.0722,-2.33957
2,2.7,1.00663,-2.53071
2,2.72,0.9482,-2.68957
2,2.74,0.887588,-2.92081
2,2.76,0.812086,-3.07744
2,2.78,0.761744,-3.22563
2,2.8,0.705279,-3.41697
2,2.82,0.658374,-3.54585
2,2.84,0.574885,-3.64129
2,2.86,0.511028,-3.73736
2,2.88,0.447958,-3.88652
2,2.9,0.37001,-3.90327
2,2.92,0.300449,-3.96012
2,2.94,0.22674,-3.91494
2,2.96,0.128478,-3.92721
2,2.98,0.0521591,-3.90686
2,3,-0.0449148,-3.8355
2,3.02,-0.107349,-3.72473
2,3.04,-0.183592,-3.73265
2,3.06,-0.289466,-3.71581
2,3.08,-0.382752,-3.74703
2,3.1,-0.466335,-3.68005
2,3.12,-0.53598,-3.47714
2,3.14,-0.57606,-3.3752
2,3.16,-0.630553,-3.28614
2,3.18,-0.702356,-3.14652
2,3.2,-0.766077,-2.95156
2,3.22,-0.813008,-2.86661
2,3.24,-0.894588,-2.717
2,3.26,-0.927116,-2.61185
2,3.28,-0.993097,-2.34799
2,3.3,-1.03876,-2.2058
2,3.32,-1.04147,-2.05485
2,3.34,-1.10331,-1.88174
2,3.36,-1.16141,-1.77642
2,3.38,-1.17801,-1.61707
2,3.4,-1.2003,-1.4768
2,3.42,-1.23147,-1.33565
2,3.44,-1.26976,-1.06125
2,3.46,-1.27533,-0.840292
2,3.48,-1.29089,-0.665944
2,3.5,-1.30269,-0.493266
2,3.52,-1.30187,-0.304353
2,3.54,-1.3032,0.00304782
2,3.56,-1.30421,0.137474
2,3.58,-1.2755,0.279372
2,3.6,-1.28798,0.546892
2,3.62,-1.27072,0.68503
2,3.64,-1.25588,0.930774
2,3.66,-1.25353,1.11789
2,3.68,-1.19169,1.28856
2,3.7,-1.19658,1.44777
2,3.72,-1.17228,1.60092
2,3.74,-1.11103,1.78522
2,3.76,-1.0767,1.98045
2,3.78,-1.03677,2.06339
2,3.8,-0.985012,2.2567
2,3.82,-0.935424,2.45021
2,3.84,-0.871204,2.66267
2,3.86,-0.849275,2.77108
2,3.88,-0.811949,2.88915
2,3.9,-0.747611,2.94464
2,3.92,-0.676389,3.01066
2,3.94,-0.630625,3.08542
2,3.96,-0.572777,3.21956
2,3.98,-0.537426,3.39243
2,4,-0.479419,3.57101
2,4.02,-0.428022,3.6715
2,4.04,-0.339334,3.70854
2,4.06,-0.283661,3.72347
2,4.08,-0.181551,3.78349
2,4.1,-0.088794,3.85282
2,4.12,-0.00380327,3.8354
2,4.14,0.0861946,3.83735
2,4.16,0.182306,3.81358
2,4.18,0.26304,3.79774
2,4.2,0.332086,3.67554
2,4.22,0.399547,3.597
2,4.24,0.48455,3.53012
2,4.26,0.539834,3.43147
2,4.28,0.59754,3.29083
2,4.3,0.671715,3.11956
2,4.32,0.746344,2.97409
2,4.34,0.806709,2.8193
2,4.36,0.846328,2.64872
2,4.38,0.908901,2.42818
2,4.4,0.955587,2.25349
2,4.42,0.989208,2.18064
2,4.44,1.01761,1.98468
2,4.46,1.03037,1.73915
2,4.48,1.0634,1.54832
2,4.5,1.10825,1.39426
2,4.52,1.12237,1.28968
2,4.54,1.1668,1.11375
2,4.56,1.20053,1.00823
2,4.58,1.22305,0.797243
2,4.6,1.23692,0.619
2,4.62,1.24968,0.481189
2,4.64,1.25913,0.218808
2,4.66,1.24651,-0.0107989
2,4.68,1.25039,-0.20158
2,4.7,1.25006,-0.400914
2,4.72,1.22815,-0.533365
2,4.74,1.22223,-0.723647
2,4.76,1.17866,-0.956648
2,4.78,1.14202,-1.1305
2,4.8,1.10718,-1.25465
2,4.82,1.09751,-1.43468
2,4.84,1.05693,-1.626
2,4.86,1.03246,-1.78993
2,4.88,0.995619,-1.90153
2,4.9,0.953304,-2.07043
2,4.92,0.922646,-2.21635
2,4.94,0.896173,-2.39058
2,4.96,0.834705,-2.50726
2,4.98,0.786272,-2.61425
2,5,0.744391,-2.72046
2,5.02,0.671266,-2.8552
2,5.04,0.604404,-2.99546
2,5.06,0.546809,-3.03842
2,5.08,0.518588,-3.17685
2,5.1,0.450649,-3.29871
2,5.12,0.369492,-3.38178
2,5.14,0.274868,-3.4241
2,5.16,0.189845,-3.47779
2,5.18,0.110958,-3.48065
2,5.2,0.0583072,-3.47588
2,5.22,-0.01025,-3.55417
2,5.24,-0.0951148,-3.5234
2,5.26,-0.170949,-3.51354
2,5.28,-0.22745,-3.38463
2,5.3,-0.304745,-3.32348
2,5.32,-0.377228,-3.31713
2,5.34,-0.444179,-3.25541
2,5.36,-0.510899,-3.14802
2,5.38,-0.573183,-3.14148
2,5.4,-0.620232,-3.00671
2,5.42,-0.698095,-2.91444
2,5.44,-0.756151,-2.7529
2,5.46,-0.807632,-2.57516
2,5.48,-0.864713,-2.39869
2,5.5,-0.905957,-2.2715
2,5.52,-0.931366,-2.08655
2,5.54,-0.959723,-1.93918
2,5.56,-0.97854,-1.72974
2,5.58,-1.01793,-1.56759
2,5.6,-1.07297,-1.43549
2,5.62,-1.08197,-1.3086
2,5.64,-1.09973,-1.1357
2,5.66,-1.09348,-0.953231
2,5.68,-1.14332,-0.793998
2,5.7,-1.14917,-0.587832
2,5.72,-1.15156,-0.355361
2,5.74,-1.15456,-0.263087
2,5.76,-1.16874,-0.0719688
2,5.78,-1.17894,0.123668
2,5.8,-1.16882,0.371296
2,5.82,-1.17172,0.49097
2,5.84,-1.17886,0.646501
2,5.86,-1.15226,0.816486
2,5.88,-1.14257,0.944659
2,5.9,-1.1212,1.14927
2,5.92,-1.07455,1.37505
2,5.94,-1.03321,1.55196
2,5.96,-1.01141,1.72482
2,5.98,-0.951304,1.88421
2,6,-0.902481,2.03472
2,6.02,-0.856049,2.14104
2,6.04,-0.835531,2.24371
2,6.06,-0.820583,2.42314
2,6.08,-0.729713,2.54587
2,6.1,-0.69175,2.68601
2,6.12,-0.611346,2.80486
2,6.14,-0.536299,2.91009
2,6.16,-0.478016,2.94132
2,6.18,-0.415934,2.99381
2,6.2,-0.374933,3.0115
2,6.22,-0.30375,3.1881
2,6.24,-0.253499,3.23215
2,6.26,-0.195032,3.29491
2,6.28,-0.113433,3.3221
2,6.3,-0.0552925,3.26095
2,6.32,0.0205707,3.27437
2,6.34,0.0559973,3.21976
2,6.36,0.107479,3.18744
2,6.38,0.161267,3.19525
2,6.4,0.214512,3.13106
2,6.42,0.26626,3.1072
2,6.44,0.327797,3.03847
2,6.46,0.40373,2.95741
2,6.48,0.46512,2.89803
2,6.5,0.53261,2.79799
2,6.52,0.584576,2.69031
2,6.54,0.629046,2.63051
2,6.56,0.687985,2.51204
2,6.58,0.728385,2.35662
2,6.6,0.788173,2.12297
2,6.62,0.827961,1.94867
2,6.64,0.850925,1.82851
2,6.66,0.878225,1.62716
2,6.68,0.931711,1.39055
2,6.7,0.980306,1.28417
2,6.72,0.973845,1.11396
2,6.74,1.00488,0.995103
2,6.76,1.01839,0.818812
2,6.78,1.04958,0.610202
2,6.8,1.07308,0.490012
2,6.82,1.06556,0.329409
2,6.84,1.07434,0.109445
2,6.86,1.08042,-0.0720455
2,6.88,1.06724,-0.256909
2,6.9,1.04873,-0.407565
2,6.92,1.05044,-0.544191
2,6.94,1.04262,-0.706408
2,6.96,1.02027,-0.849015
2,6.98,0.994108,-0.995993
2,7,0.968002,-1.19984
2,7.02,0.95266,-1.29396
2,7.04,0.940579,-1.48069
2,7.06,0.887351,-1.7059
2,7.08,0.86014,-1.84853
2,7.1,0.793419,-2.00092
2,7.12,0.775267,-2.14154
2,7.14,0.734126,-2.32461
2,7.16,0.701746,-2.47677
2,7.18,0.645095,-2.53996
2,7.2,0.57971,-2.65858
2,7.22,0.529769,-2.74285
2,7.24,0.502494,-2.8371
2,7.26,0.454177,-2.92469
2,7.28,0.367865,-2.95008
2,7.3,0.321804,-2.96561
2,7.32,0.244317,-3.01981
2,7.34,0.215238,-2.9738
2,7.36,0.152631,-3.0059
2,7.38,0.0728001,-3.04673
2,7.4,-0.00244907,-3.01908
2,7.42,-0.0706354,-3.03065
2,7.44,-0.118705,-3.02947
2,7.46,-0.163786,-3.01556
2,7.48,-0.214545,-3.02371
2,7.5,-0.277775,-3.03468
2,7.52,-0.353189,-2.99607
2,7.54,-0.380365,-2.95745
2,7.56,-0.408873,-2.83113
2,7.58,-0.46216,-2.75835
2,7.6,-0.507822,-2.56218
2,7.62,-0.54927,-2.43027
2,7.64,-0.603797,-2.27983
2,7.66,-0.653781,-2.16355
2,7.68,-0.689136,-2.04492
2,7.7,-0.722158,-1.81474
2,7.72,-0.751794,-1.69896
2,7.74,-0.797719,-1.50969
2,7.76,-0.849671,-1.28585
2,7.78,-0.88622,-1.13953
2,7.8,-0.908717,-0.855892
2,7.82,-0.936407,-0.745914
2,7.84,-0.965278,-0.576139
2,7.86,-0.955799,-0.47696
2,7.88,-0.978504,-0.33585
2,7.9,-0.997249,-0.117831
2,7.92,-0.990988,0.0919455
2,7.94,-1.0045,0.190157
2,7.96,-1.00649,0.309999
2,7.98,-1.00039,0.511273
2,8,-1.02983,0.694417
2,8.02,-0.982154,0.790534
2,8.04,-0.96416,0.893868
2,8.06,-0.962471,1.05632
2,8.08,-0.912278,1.28003
2,8.1,-0.889412,1.46938
2,8.12,-0.909779,1.59299
2,8.14,-0.88164,1.75516
2,8.16,-0.858881,1.84917
2,8.18,-0.834405,2.00541
2,8.2,-0.78498,2.11442
2,8.22,-0.724836,2.22942
2,8.24,-0.689275,2.31534
2,8.26,-0.674154,2.43416
2,8.28,-0.608571,2.55882
2,8.3,-0.510801,2.63676
2,8.32,-0.47968,2.79903
2,8.34,-0.39853,2.8343
2,8.36,-0.344805,2.87635
2,8.38,-0.279859,2.91699
2,8.4,-0.210904,3.00479
2,8.42,-0.122556,3.01749
2,8.44,-0.0560349,3.08309
2,8.46,0.00159303,3.15758
2,8.48,0.0628638,3.15071
2,8.5,0.151171,3.09366
2,8.52,0.221267,3.03091
2,8.54,0.280139,3.02684
2,8.56,0.344046,3.03555
2,8.58,0.380189,2.91238
2,8.6,0.431408,2.85242
2,8.62,0.476977,2.87432
2,8.64,0.525179,2.71532
2,8.66,0.558435,2.62937
2,8.68,0.601554,2.56444
2,8.7,0.659011,2.47633
2,8.72,0.71265,2.37419
2,8.74,0.747104,2.29555
2,8.76,0.799918,2.1095
2,8.78,0.837705,1.99781
2,8.8,0.888836,1.85465
2,8.82,0.925936,1.60362
2,8.84,0.941449,1.44301
2,8.86,0.942837,1.27984
2,8.88,0.955746,1.06547
2,8.9,0.979781,0.876111
2,8.92,0.984728,0.757801
2,8.94,0.983426,0.6524
2,8.96,0.998343,0.445003
2,8.98,0.978383,0.280613
2,9,0.969421,0.062235
2,9.02,0.949682,-0.122137
2,9.04,0.941495,-0.274758
2,9.06,0.918009,-0.456998
2,9.08,0.903134,-0.645542
2,9.1,0.916669,-0.785779
2,9.12,0.938035,-0.903612
2,9.14,0.923827,-1.00307
2,9.16,0.91898,-1.22814
2,9.18,0.877448,-1.38296
2,9.2,0.852205,-1.5117
2,9.22,0.794243,-1.63368
2,9.24,0.768374,-1.80734
2,9.26,0.71292,-1.9091
2,9.28,0.668527,-1.99597
2,9.3,0.645749,-2.1005
2,9.32,0.57925,-2.25364
2,9.34,0.506464,-2.37882
2,9.36,0.449548,-2.40521
2,9.38,0.416495,-2.50745
2,9.4,0.349959,-2.51129
2,9.42,0.289006,-2.67638
2,9.44,0.229593,-2.79725
2,9.46,0.194982,-2.88382
2,9.48,0.152521,-2.8476
2,9.5,0.0848961,-2.87721
2,9.52,0.0636528,-2.9018
2,9.54,0.00361026,-2.91609
2,9.56,-0.0641198,-2.93872
2,9.58,-0.101544,-2.86022
2,9.6,-0.171939,-2.74388
2,9.62,-0.199061,-2.72437
2,9.64,-0.281541,-2.7227
2,9.66,-0.336689,-2.67253
2,9.68,-0.359349,-2.65576
2,9.7,-0.413123,-2.57783
2,9.72,-0.449802,-2.49258
2,9.74,-0.503707,-2.38944
2,9.76,-0.5579,-2.25479
2,9.78,-0.592671,-2.17667
2,9.8,-0.621125,-2.03725
2,9.82,-0.66406,-1.86613
2,9.84,-0.681348,-1.76877
2,9.86,-0.724458,-1.62592
2,9.88,-0.731163,-1.46702
2,9.9,-0.760483,-1.23766
2,9.92,-0.794411,-1.0575
2,9.94,-0.831571,-0.915587
2,9.96,-0.838481,-0.805386
2,9.98,-0.868972,-0.664148
2,10,-0.860042,-0.585182
2,10.02,-0.884014,-0.384585
2,10.04,-0.929316,-0.149282
2,10.06,-0.929471,0.0832837
2,10.08,-0.944788,0.257871
2,10.1,-0.950675,0.407027
2,10.12,-0.954001,0.516739
2,10.14,-0.969091,0.535807
2,10.16,-0.95185,0.789049
2,10.18,-0.935911,0.908444
2,10.2,-0.904411,1.02076
2,10.22,-0.88753,1.10859
2,10.24,-0.874039,1.299
2,10.26,-0.855444,1.44349
2,10.28,-0.825501,1.53745
2,10.3,-0.781962,1.70332
2,10.32,-0.761789,1.84004
2,10.34,-0.705254,1.94188
2,10.36,-0.662332,2.05258
2,10.38,-0.612981,2.10836
2,10.4,-0.573971,2.22786
2,10.42,-0.536511,2.31619
2,10.44,-0.485402,2.36695
2,10.46,-0.429765,2.50146
2,10.48,-0.38837,2.53858
2,10.5,-0.334645,2.54367
2,10.52,-0.287258,2.5321
2,10.54,-0.25898,2.59383
2,10.56,-0.183881,2.70245
2,10.58,-0.126632,2.75875
2,10.6,-0.0716465,2.72792
2,10.62,-0.00154221,2.71053
2,10.64,0.0669784,2.7068
2,10.66,0.107208,2.63159
2,10.68,0.147163,2.56966
2,10.7,0.218986,2.5234
2,10.72,0.296118,2.49533
2,10.74,0.343538,2.39494
2,10.76,0.360893,2.3719
2,10.78,0.432592,2.27867
2,10.8,0.507217,2.18551
2,10.82,0.54831,2.13644
2,10.84,0.588127,2.00714
2,10.86,0.619868,1.8196
2,10.88,0.654531,1.70624
2,10.9,0.707906,1.61537
2,10.92,0.725065,1.52329
2,10.94,0.757825,1.45573
2,10.96,0.797361,1.30644
2,10.98,0.835053,1.14359
2,11,0.83611,1.0065
2,11.02,0.860735,0.900827
2,11.04,0.872269,0.747068
2,11.06,0.893353,0.586905
2,11.08,0.92483,0.366397
2,11.1,0.904543,0.204035
2,11.12,0.922227,0.0504576
2,11.14,0.895603,-0.0655929
2,11.16,0.872333,-0.162951
2,11.18,0.880867,-0.255208
2,11.2,0.890598,-0.36944
2,11.22,0.886791,-0.545465
2,11.24,0.866042,-0.702637
2,11.26,0.847833,-0.879657
2,11.28,0.81184,-0.966588
2,11.3,0.767508,-1.06995
2,11.32,0.77442,-1.26243
2,11.34,0.765001,-1.40604
2,11.36,0.752359,-1.56249
2,11.38,0.732693,-1.71579
2,11.4,0.667245,-1.75483
2,11.42,0.610238,-1.92501
2,11.44,0.567096,-2.04121
2,11.46,0.541017,-2.17216
2,11.48,0.48527,-2.22082
2,11.5,0.42452,-2.2546
2,11.52,0.392851,-2.24349
2,11.54,0.37496,-2.34725
2,11.56,0.307423,-2.44547
2,11.58,0.2521,-2.49566
2,11.6,0.193346,-2.57883
2,11.62,0.159384,-2.66106
2,11.64,0.093652,-2.62944
2,11.66,0.0480365,-2.63495
2,11.68,0.00713512,-2.63507
2,11.7,-0.0179066,-2.56518
2,11.72,-0.0892303,-2.49849
2,11.74,-0.149264,-2.44596
2,11.76,-0.184121,-2.43699
2,11.78,-0.21642,-2.39096
2,11.8,-0.254102,-2.30456
2,11.82,-0.31789,-2.28872
2,11.84,-0.389151,-2.18814
2,11.86,-0.453736,-2.11563
2,11.88,-0.500615,-2.04053
2,11.9,-0.548066,-1.90327
2,11.92,-0.567153,-1.76928
2,11.94,-0.593348,-1.62928
2,11.96,-0.635472,-1.50163
2,11.98,-0.694315,-1.37465
2,12,-0.72723,-1.19441
2,12.02,-0.78001,-1.11444
2,12.04,-0.760356,-0.948992
2,12.06,-0.756543,-0.849089
2,12.08,-0.798023,-0.688872
2,12.1,-0.808016,-0.526289
2,12.12,-0.793039,-0.351213
2,12.14,-0.827696,-0.236762
2,12.16,-0.867367,-0.0736434
2,12.18,-0.872461,0.0100161
2,12.2,-0.86096,0.106577
2,12.22,-0.837089,0.285187
2,12.24,-0.792477,0.396429
2,12.26,-0.769449,0.522286
2,12.28,-0.779788,0.74659
2,12.3,-0.782731,0.951304
2,12.32,-0.769681,1.10703
2,12.34,-0.754589,1.19356
2,12.36,-0.743954,1.2963
2,12.38,-0.710965,1.47539
2,12.4,-0.693022,1.5859
2,12.42,-0.66319,1.68767
2,12.44,-0.64318,1.73001
2,12.46,-0.610757,1.83095
2,12.48,-0.529579,1.99138
2,12.5,-0.496313,2.0194
2,12.52,-0.481788,2.14226
2,12.54,-0.415927,2.3021
2,12.56,-0.37465,2.37346
2,12.58,-0.33311,2.48044
2,12.6,-0.269534,2.47999
2,12.62,-0.219013,2.46612
2,12.64,-0.16899,2.43084
2,12.66,-0.117218,2.50449
2,12.68,-0.0481209,2.4596
2,12.7,-0.000447363,2.40685
2,12.72,0.0641943,2.42465
2,12.74,0.0911061,2.37407
2,12.76,0.147217,2.28396
2,12.78,0.194072,2.27917
2,12.8,0.228502,2.23552
2,12.82,0.275397,2.21913
2,12.84,0.299473,2.14191
2,12.86,0.357501,1.97057
2,12.88,0.415571,1.97052
2,12.9,0.485294,1.79739
2,12.92,0.512308,1.69947
2,12.94,0.569533,1.65202
2,12.96,0.615858,1.5965
2,12.98,0.617771,1.51724
2,13,0.610014,1.43096
2,13.02,0.642256,1.31078
2,13.04,0.67233,1.22502
2,13.06,0.683046,1.11678
2,13.08,0.728678,1.00523
2,13.1,0.749449,0.871706
2,13.12,0.742637,0.797816
2,13.14,0.749708,0.656744
2,13.16,0.756506,0.497871
2,13.18,0.756205,0.325258
2,13.2,0.778536,0.243987
2,13.22,0.785194,0.0489673
2,13.24,0.783641,0.00404923
2,13.26,0.785528,-0.153017
2,13.28,0.765844,-0.276221
2,13.3,0.754152,-0.367279
2,13.32,0.761468,-0.494033
2,13.34,0.747882,-0.618376
2,13.36,0.735496,-0.774015
2,13.38,0.73649,-0.918101
2,13.4,0.702803,-1.12487
2,13.42,0.67303,-1.31339
2,13.44,0.657247,-1.4597
2,13.46,0.610989,-1.66064
2,13.48,0.583548,-1.76363
2,13.5,0.560527,-1.88809
2,13.52,0.539762,-1.93293
2,13.54,0.525704,-2.02735
2,13.56,0.499416,-2.12976
2,13.58,0.453795,-2.19803
2,13.6,0.428069,-2.23054
2,13.62,0.408731,-2.26006
2,13.64,0.357173,-2.30413
2,13.66,0.307,-2.36812
2,13.68,0.234954,-2.41318
2,13.7,0.176411,-2.4472
2,13.72,0.159866,-2.45682
2,13.74,0.100062,-2.39632
2,13.76,0.0608903,-2.41819
2,13.78,0.0203685,-2.35386
2,13.8,-0.0476694,-2.33487
2,13.82,-0.0880395,-2.26207
2,13.84,-0.151784,-2.17224
2,13.86,-0.191936,-2.16928
2,13.88,-0.244199,-2.03609
2,13.9,-0.284115,-2.06208
2,13.92,-0.349314,-1.92612
2,13.94,-0.39136,-1.84687
2,13.96,-0.44947,-1.70238
2,13.98,-0.486751,-1.64917
2,14,-0.522124,-1.43177
2,14.02,-0.55287,-1.33371
2,14.04,-0.605259,-1.27314
2,14.06,-0.660108,-1.13557
2,14.08,-0.690856,-1.0566
2,14.1,-0.705657,-0.935604
2,14.12,-0.687555,-0.826126
2,14.14,-0.687048,-0.744134
2,14.16,-0.718982,-0.655501
2,14.18,-0.731572,-0.519558
2,14.2,-0.72356,-0.35446
2,14.22,-0.740916,-0.21846
2,14.24,-0.72807,-0.151974
2,14.26,-0.742704,-0.0758301
2,14.28,-0.73271,0.0592318
2,14.3,-0.744925,0.216348
2,14.32,-0.744658,0.390499
2,14.34,-0.738628,0.531058
2,14.36,-0.749064,0.674154
2,14.38,-0.738485,0.722039
2,14.4,-0.748261,0.806045
2,14.42,-0.711069,0.842241
2,14.44,-0.667019,0.966834
2,14.46,-0.638188,1.12676
2,14.48,-0.624246,1.24459
2,14.5,-0.59656,1.33318
2,14.52,-0.550641,1.44899
2,14.54,-0.506004,1.58947
2,14.56,-0.466555,1.716
2,14.58,-0.450614,1.74367
2,14.6,-0.389498,1.81017
2,14.62,-0.342296,1.93391
2,14.64,-0.299246,2.03263
2,14.66,-0.280916,2.02945
2,14.68,-0.25841,2.05443
2,14.7,-0.256498,2.08228
2,14.72,-0.237642,2.16278
2,14.74,-0.17888,2.20799
2,14.76,-0.159539,2.20474
2,14.78,-0.0826988,2.18077
2,14.8,-0.0187324,2.14353
2,14.82,0.0267826,2.25207
2,14.84,0.0851572,2.28298
2,14.86,0.129965,2.17837
2,14.88,0.151283,2.17406
2,14.9,0.202238,2.18509
2,14.92,0.238748,2.13561
2,14.94,0.271011,2.0914
2,14.96,0.280321,2.01151
2,14.98,0.310436,1.91882
2,15,0.370412,1.84355
3,0,0.556423,0.381145
3,0.02,0.519084,0.239535
3,0.04,0.531674,0.09911
3,0.06,0.543333,-0.066904
3,0.08,0.543641,-0.0912123
3,0.1,0.552715,-0.216647
3,0.12,0.561668,-0.308841
3,0.14,0.546405,-0.347581
3,0.16,0.546446,-0.52346
3,0.18,0.527359,-0.540695
3,0.2,0.515885,-0.545725
3,0.22,0.516648,-0.602038
3,0.24,0.475138,-0.720838
3,0.26,0.485836,-0.755215
3,0.28,0.470891,-0.879202
3,0.3,0.436283,-0.979389
3,0.32,0.414341,-1.10451
3,0.34,0.376921,-1.15495
3,0.36,0.375728,-1.21011
3,0.38,0.35226,-1.22162
3,0.4,0.305993,-1.29913
3,0.42,0.273489,-1.38536
3,0.44,0.231268,-1.39807
3,0.46,0.21446,-1.46168
3,0.48,0.210672,-1.5716
3,0.5,0.175651,-1.64464
3,0.52,0.170489,-1.6752
3,0.54,0.140066,-1.70657
3,0.56,0.121779,-1.69196
3,0.58,0.0918746,-1.6905
3,0.6,0.0675549,-1.66827
3,0.62,0.0385088,-1.72489
3,0.64,0.0188751,-1.66119
3,0.66,-0.0103307,-1.65495
3,0.68,-0.0500083,-1.67492
3,0.7,-0.0968607,-1.5529
3,0.72,-0.135666,-1.54308
3,0.74,-0.166291,-1.50628
3,0.76,-0.217909,-1.43703
3,0.78,-0.2561,-1.38302
3,0.8,-0.266006,-1.31485
3,0.82,-0.273935,-1.23113
3,0.84,-0.314878,-1.20044
3,0.86,-0.340638,-1.17327
3,0.88,-0.358799,-1.02936
3,0.9,-0.386621,-0.957724
3,0.92,-0.377691,-0.83896
3,0.94,-0.391519,-0.717255
3,0.96,-0.410347,-0.570542
3,0.98,-0.414657,-0.594932
3,1,-0.420973,-0.487864
3,1.02,-0.46267,-0.349118
3,1.04,-0.475643,-0.28592
3,1.06,-0.518816,-0.195403
3,1.08,-0.522752,-0.0761153
3,1.1,-0.520864,0.013772
3,1.12,-0.533781,0.0921071
3,1.14,-0.522019,0.113439
3,1.16,-0.52658,0.213598
3,1.18,-0.5208,0.341598
3,1.2,-0.483081,0.422524
3,1.22,-0.479651,0.500031
3,1.24,-0.504421,0.645472
3,1.26,-0.483901,0.761847
3,1.28,-0.467179,0.87929
3,1.3,-0.453265,0.984296
3,1.32,-0.443636,1.1058
3,1.34,-0.440226,1.19759
3,1.36,-0.410758,1.28944
3,1.38,-0.38918,1.30984
3,1.4,-0.370513,1.34879
3,1.42,-0.343719,1.3567
3,1.44,-0.318535,1.32647
3,1.46,-0.293624,1.37078
3,1.48,-0.229703,1.4856
3,1.5,-0.180261,1.55269
3,1.52,-0.152472,1.5061
3,1.54,-0.128759,1.51623
3,1.56,-0.110267,1.57804
3,1.58,-0.0824479,1.55758
3,1.6,-0.0764832,1.62689
3,1.62,-0.0255674,1.62302
3,1.64,0.0146594,1.61112
3,1.66,0.0589024,1.61249
3,1.68,0.0825552,1.56615
3,1.7,0.0931974,1.52826
3,1.72,0.14436,1.4248
3,1.74,0.181725,1.41832
3,1.76,0.200236,1.31651
3,1.78,0.219012,1.2572
3,1.8,0.256699,1.24116
3,1.82,0.278611,1.22032
3,1.84,0.291083,1.16798
3,1.86,0.334826,1.09504
3,1.88,0.355973,0.974716
3,1.9,0.374024,0.934098
3,1.92,0.386254,0.928497
3,1.94,0.415895,0.853581
3,1.96,0.447537,0.824626
3,1.98,0.48082,0.692888
3,2,0.479104,0.606783
3,2.02,0.476508,0.601766
3,2.04,0.454984,0.511162
3,2.06,0.441315,0.364395
3,2.08,0.47259,0.263362
3,2.1,0.480481,0.187691
3,2.12,0.476516,0.11506
3,2.14,0.488712,0.0153285
3,2.16,0.482181,-0.0747415
3,2.18,0.495569,-0.180314
3,2.2,0.488633,-0.333776
3,2.22,0.495484,-0.449747
3,2.24,0.499949,-0.512389
3,2.26,0.506864,-0.579931
3,2.28,0.475442,-0.5651
3,2.3,0.478622,-0.657247
3,2.32,0.447625,-0.791421
3,2.34,0.452449,-0.881615
3,2.36,0.433878,-0.920613
3,2.38,0.413528,-0.972819
3,2.4,0.384728,-1.01466
3,2.42,0.374057,-1.08962
3,2.44,0.349965,-1.16908
3,2.46,0.323568,-1.16936
3,2.48,0.298077,-1.24285
3,2.5,0.264524,-1.33874
3,2.52,0.227489,-1.32325
3,2.54,0.220236,-1.43664
3,2.56,0.196717,-1.45267
3,2.58,0.133176,-1.45504
3,2.6,0.106197,-1.44367
3,2.62,0.0521975,-1.47729
3,2.64,0.027802,-1.5503
3,2.66,0.0199213,-1.52657
3,2.68,-0.0216908,-1.45664
3,2.7,-0.0348052,-1.46053
3,2.72,-0.0837702,-1.40707
3,2.74,-0.0711717,-1.37393
3,2.76,-0.111946,-1.39407
3,2.78,-0.132329,-1.41015
3,2.8,-0.155104,-1.33944
3,2.82,-0.18353,-1.29966
3,2.84,-0.181004,-1.2401
3,2.86,-0.184067,-1.15345
3,2.88,-0.195592,-1.11152
3,2.9,-0.220713,-1.04163
3,2.92,-0.255679,-1.02262
3,2.94,-0.282653,-0.84828
3,2.96,-0.279837,-0.781897
3,2.98,-0.275281,-0.698051
3,3,-0.315545,-0.622756
3,3.02,-0.330307,-0.509646
3,3.04,-0.348133,-0.428993
3,3.06,-0.356675,-0.342039
3,3.08,-0.38995,-0.265051
3,3.1,-0.402388,-0.199696
3,3.12,-0.405182,-0.105956
3,3.14,-0.423884,0.0363454
3,3.16,-0.434937,0.128854
3,3.18,-0.438768,0.178534
3,3.2,-0.429434,0.273483
3,3.22,-0.416084,0.438193
3,3.24,-0.412442,0.503494
3,3.26,-0.454226,0.600796
3,3.28,-0.453619,0.640278
3,3.3,-0.44893,0.733212
3,3.32,-0.437105,0.7921
3,3.34,-0.424161,0.859749
3,3.36,-0.409686,0.8956
3,3.38,-0.405733,1.0028
3,3.4,-0.373849,1.06071
3,3.42,-0.360471,1.19058
3,3.44,-0.341012,1.26473
3,3.46,-0.333078,1.35036
3,3.48,-0.291934,1.3445
3,3.5,-0.261489,1.33297
3,3.52,-0.237243,1.31109
3,3.54,-0.203889,1.38837
3,3.56,-0.184201,1.39604
3,3.58,-0.147653,1.34089
3,3.6,-0.114632,1.34398
3,3.62,-0.0833427,1.2464
3,3.64,-0.0700073,1.2567
3,3.66,-0.0254333,1.21852
3,3.68,-0.0164528,1.22155
3,3.7,0.00758973,1.24198
3,3.72,0.0276954,1.24609
3,3.74,0.0440543,1.24227
3,3.76,0.0921954,1.20384
3,3.78,0.115105,1.24646
3,3.8,0.131925,1.17081
3,3.82,0.136545,1.10349
3,3.84,0.166471,1.05038
3,3.86,0.231899,0.978195
3,3.88,0.241637,0.933655
3,3.9,0.285581,0.870024
3,3.92,0.309813,0.830433
3,3.94,0.322775,0.774848
3,3.96,0.322888,0.608849
3,3.98,0.33516,0.595317
3,4,0.352613,0.491044
3,4.02,0.364585,0.486934
3,4.04,0.363709,0.421228
3,4.06,0.379908,0.388133
3,4.08,0.381972,0.360619
3,4.1,0.38599,0.306927
3,4.12,0.41307,0.29252
3,4.14,0.447807,0.155752
3,4.16,0.472528,0.00069369
3,4.18,0.461394,-0.0707563
3,4.2,0.436848,-0.15191
3,4.22,0.442191,-0.198265
3,4.24,0.434193,-0.231367
3,4.26,0.428403,-0.285615
3,4.28,0.436412,-0.297795
3,4.3,0.423183,-0.369926
3,4.32,0.4088,-0.472353
3,4.34,0.38115,-0.519423
3,4.36,0.351728,-0.661205
3,4.38,0.335034,-0.76444
3,4.4,0.356635,-0.826332
3,4.42,0.37176,-0.956471
3,4.44,0.335079,-0.957822
3,4.46,0.300299,-1.04775
3,4.48,0.284652,-1.13095
3,4.5,0.24745,-1.14339
3,4.52,0.217576,-1.18169
3,4.54,0.210647,-1.16816
3,4.56,0.196607,-1.12266
3,4.58,0.161108,-1.20451
3,4.6,0.161367,-1.21998
3,4.62,0.124917,-1.33812
3,4.64,0.110601,-1.31329
3,4.66,0.0660133,-1.30597
3,4.68,0.0497896,-1.3686
3,4.7,0.0296937,-1.353
3,4.72,-0.0177684,-1.35974
3,4.74,-0.0549297,-1.37205
3,4.76,-0.0897016,-1.4275
3,4.78,-0.120408,-1.31209
3,4.8,-0.141578,-1.30776
3,4.82,-0.160363,-1.2381
3,4.84,-0.178638,-1.14873
3,4.86,-0.22077,-1.0629
3,4.88,-0.263022,-1.01334
3,4.9,-0.308946,-0.955943
3,4.92,-0.35333,-0.897999
3,4.94,-0.320059,-0.920443
3,4.96,-0.33522,-0.846818
3,4.98,-0.351782,-0.754009
3,5,-0.38879,-0.618189
3,5.02,-0.391451,-0.525727
3,5.04,-0.403079,-0.427142
3,5.06,-0.434055,-0.325505
3,5.08,-0.449185,-0.248619
3,5.1,-0.440713,-0.15479
3,5.12,-0.429727,-0.0735045
3,5.14,-0.454479,0.0357611
3,5.16,-0.448828,0.109003
3,5.18,-0.469945,0.169425
3,5.2,-0.457132,0.251923
3,5.22,-0.448935,0.363183
3,5.24,-0.459581,0.367146
3,5.26,-0.481209,0.443997
3,5.28,-0.459,0.517438
3,5.3,-0.443039,0.493982
3,5.32,-0.420882,0.552646
3,5.34,-0.378045,0.570874
3,5.36,-0.382843,0.660368
3,5.38,-0.396687,0.696382
3,5.4,-0.353679,0.785285
3,5.42,-0.341371,0.926076
3,5.44,-0.314221,0.990821
3,5.46,-0.302205,1.09528
3,5.48,-0.306709,1.189
3,5.5,-0.265278,1.22238
3,5.52,-0.207728,1.26286
3,5.54,-0.180002,1.25088
3,5.56,-0.165236,1.30203
3,5.58,-0.13162,1.3343
3,5.6,-0.103389,1.40225
3,5.62,-0.0836296,1.4222
3,5.64,-0.0840623,1.45724
3,5.66,-0.0612372,1.51774
3,5.68,-0.0236824,1.51886
3,5.7,-0.0262989,1.43115
3,5.72,0.00116709,1.38303
3,5.74,0.0214676,1.34627
3,5.76,0.0368113,1.35999
3,5.78,0.0733099,1.39615
3,5.8,0.0851422,1.44476
3,5.82,0.105056,1.39897
3,5.84,0.16518,1.38839
3,5.86,0.164394,1.36114
3,5.88,0.214866,1.31068
3,5.9,0.247438,1.19684
3,5.92,0.266585,1.10593
3,5.94,0.263637,1.002
3,5.96,0.276148,0.89815
3,5.98,0.282743,0.801917
3,6,0.323859,0.798311
3,6.02,0.377699,0.691104
3,6.04,0.392885,0.623555
3,6.06,0.391602,0.51474
3,6.08,0.413929,0.483176
3,6.1,0.451851,0.356702
3,6.12,0.475155,0.260049
3,6.14,0.455484,0.224935
3,6.16,0.452599,0.216527
3,6.18,0.420531,0.180651
3,6.2,0.40399,0.059815
3,6.22,0.369851,0.000599023
3,6.24,0.364329,-0.0322609
3,6.26,0.368477,-0.163899
3,6.28,0.349051,-0.295215
3,6.3,0.324841,-0.350249
3,6.32,0.304499,-0.453073
3,6.34,0.301757,-0.536655
3,6.36,0.297993,-0.575057
3,6.38,0.298833,-0.691278
3,6.4,0.288934,-0.816177
3,6.42,0.272754,-0.850071
3,6.44,0.254632,-0.883274
3,6.46,0.263846,-0.874269
3,6.48,0.211236,-0.957341
3,6.5,0.194486,-0.958734
3,6.52,0.172331,-0.932046
3,6.54,0.165707,-1.02024
3,6.56,0.132826,-1.09441
3,6.58,0.0878295,-1.139
3,6.6,0.0938075,-1.14776
3,6.62,0.0933623,-1.1977
3,6.64,0.0572866,-1.23173
3,6.66,0.0208531,-1.15742
3,6.68,-0.00449711,-1.1274
3,6.7,-0.0200649,-1.16372
3,6.72,-0.025311,-1.14319
3,6.74,-0.0426762,-1.14479
3,6.76,-0.0622373,-1.11588
3,6.78,-0.0584181,-1.11984
3,6.8,-0.092285,-1.1542
3,6.82,-0.119284,-1.11418
3,6.84,-0.11429,-1.13319
3,6.86,-0.174151,-1.11932
3,6.88,-0.20016,-1.10707
3,6.9,-0.183735,-1.17981
3,6.92,-0.225049,-1.13775
3,6.94,-0.237817,-1.03513
3,6.96,-0.25655,-0.942836
3,6.98,-0.280129,-0.948401
3,7,-0.296504,-0.920043
3,7.02,-0.348554,-0.875707
3,7.04,-0.365304,-0.791552
3,7.06,-0.373568,-0.701323
3,7.08,-0.355467,-0.604645
3,7.1,-0.359952,-0.459074
3,7.12,-0.348908,-0.417234
3,7.14,-0.350636,-0.369609
3,7.16,-0.356964,-0.219588
3,7.18,-0.360281,-0.157052
3,7.2,-0.385547,-0.0614308
3,7.22,-0.386994,0.050804
3,7.24,-0.373408,0.1565
3,7.26,-0.352461,0.21923
3,7.28,-0.328721,0.217177
3,7.3,-0.308987,0.246641
3,7.32,-0.336419,0.315385
3,7.34,-0.335095,0.431066
3,7.36,-0.33959,0.44961
3,7.38,-0.326714,0.542908
3,7.4,-0.328314,0.615773
3,7.42,-0.333109,0.684989
3,7.44,-0.316053,0.638304
3,7.46,-0.289924,0.697448
3,7.48,-0.287357,0.841292
3,7.5,-0.25889,0.872947
3,7.52,-0.248079,0.932651
3,7.54,-0.211807,0.981253
3,7.56,-0.181196,0.978819
3,7.58,-0.163493,1.06092
3,7.6,-0.1395,1.11542
3,7.62,-0.121707,1.19269
3,7.64,-0.109015,1.16997
3,7.66,-0.105735,1.19394
3,7.68,-0.0811513,1.23563
3,7.7,-0.0620243,1.16609
3,7.72,-0.0340802,1.1285
3,7.74,-0.0178928,1.17351
3,7.76,0.016769,1.14412
3,7.78,0.0421223,1.08086
3,7.8,0.0454109,1.09275
3,7.82,0.0909643,1.09079
3,7.84,0.0981238,1.06004
3,7.86,0.12161,1.02836
3,7.88,0.124233,1.01522
3,7.9,0.146247,0.928236
3,7.92,0.140517,0.838313
3,7.94,0.153627,0.811499
3,7.96,0.191455,0.703073
3,7.98,0.22451,0.69817
3,8,0.231765,0.61887
3,8.02,0.281039,0.561933
3,8.04,0.305166,0.497728
3,8.06,0.312521,0.38346
3,8.08,0.32018,0.285382
3,8.1,0.314913,0.260304
3,8.12,0.316333,0.301213
3,8.14,0.321711,0.272515
3,8.16,0.336035,0.141779
3,8.18,0.305733,0.00720337
3,8.2,0.310502,-0.00349264
3,8.22,0.306366,-0.0596411
3,8.24,0.314488,-0.0105059
3,8.26,0.308737,-0.108442
3,8.28,0.309905,-0.17505
3,8.3,0.272878,-0.247515
3,8.32,0.265258,-0.324035
3,8.34,0.250318,-0.357307
3,8.36,0.267862,-0.403143
3,8.38,0.278508,-0.510441
3,8.4,0.257667,-0.599412
3,8.42,0.262009,-0.616556
3,8.44,0.266834,-0.668316
3,8.46,0.258699,-0.689553
3,8.48,0.233064,-0.761562
3,8.5,0.225081,-0.745772
3,8.52,0.219081,-0.801279
3,8.54,0.192943,-0.844565
3,8.56,0.130669,-0.859284
3,8.58,0.124079,-0.939352
3,8.6,0.113144,-0.971554
3,8.62,0.0786343,-0.943338
3,8.64,0.0645207,-1.01932
3,8.66,0.0815852,-1.04283
3,8.68,0.0485575,-1.02735
3,8.7,0.0417168,-1.02872
3,8.72,-0.0281459,-1.04208
3,8.74,-0.0474712,-1.0522
3,8.76,-0.0557476,-1.04155
3,8.78,-0.0792382,-1.10021
3,8.8,-0.0874858,-1.09587
3,8.82,-0.105077,-1.02599
3,8.84,-0.111496,-0.998552
3,8.86,-0.147111,-1.01198
3,8.88,-0.18715,-1.00492
3,8.9,-0.174788,-0.972112
3,8.92,-0.194107,-0.928516
3,8.94,-0.202728,-0.834054
3,8.96,-0.224095,-0.75808
3,8.98,-0.190542,-0.824149
3,9,-0.216057,-0.771547
3,9.02,-0.23399,-0.70498
3,9.04,-0.261601,-0.511233
3,9.06,-0.280865,-0.453911
3,9.08,-0.29689,-0.381359
3,9.1,-0.298987,-0.317899
3,9.12,-0.286273,-0.272343
3,9.14,-0.280902,-0.280724
3,9.16,-0.275296,-0.194758
3,9.18,-0.276626,-0.127173
3,9.2,-0.291513,-0.165443
3,9.22,-0.307738,-0.103448
3,9.24,-0.324408,-0.0123937
3,9.26,-0.331665,0.0812657
3,9.28,-0.340314,0.168407
3,9.3,-0.335576,0.226266
3,9.32,-0.349128,0.346384
3,9.34,-0.347457,0.351561
3,9.36,-0.316382,0.377575
3,9.38,-0.322441,0.448592
3,9.4,-0.33458,0.481355
3,9.42,-0.349292,0.461779
3,9.44,-0.331404,0.519667
3,9.46,-0.292544,0.660786
3,9.48,-0.271078,0.730672
3,9.5,-0.272995,0.758485
3,9.52,-0.251501,0.846446
3,9.54,-0.22143,0.877391
3,9.56,-0.204798,0.877962
3,9.58,-0.207146,0.87476
3,9.6,-0.185051,0.919674
3,9.62,-0.165199,0.962043
3,9.64,-0.112137,0.995625
3,9.66,-0.0961654,1.00998
3,9.68,-0.10706,1.0491
3,9.7,-0.0782824,1.06812
3,9.72,-0.0682345,1.03701
3,9.74,-0.0654466,1.04165
3,9.76,0.00789256,1.05899
3,9.78,0.0629597,1.01666
3,9.8,0.0838648,1.05191
3,9.82,0.121574,0.959203
3,9.84,0.129918,0.987505
3,9.86,0.173404,0.9358
3,9.88,0.174413,0.851224
3,9.9,0.187056,0.798174
3,9.92,0.22976,0.835991
3,9.94,0.24483,0.860412
3,9.96,0.268397,0.820214
3,9.98,0.290074,0.806306
3,10,0.298861,0.728099
3,10.02,0.303272,0.686414
3,10.04,0.332934,0.605524
3,10.06,0.335562,0.603327
3,10.08,0.332465,0.583168
3,10.1,0.321075,0.502406
3,10.12,0.323325,0.498804
3,10.14,0.33031,0.373151
3,10.16,0.314395,0.390549
3,10.18,0.32838,0.29565
3,10.2,0.345016,0.193729
3,10.22,0.351666,0.0972067
3,10.24,0.352495,-0.0198328
3,10.26,0.356195,-0.0357784
3,10.28,0.349039,-0.0758909
3,10.3,0.331795,-0.154017
3,10.32,0.330222,-0.183138
3,10.34,0.325054,-0.27149
3,10.36,0.298998,-0.340482
3,10.38,0.27348,-0.366845
3,10.4,0.238489,-0.419221
3,10.42,0.229815,-0.492382
3,10.44,0.223474,-0.521997
3,10.46,0.221077,-0.636162
3,10.48,0.228726,-0.727888
3,10.5,0.212529,-0.743974
3,10.52,0.197521,-0.82391
3,10.54,0.171691,-0.878498
3,10.56,0.18163,-0.964945
3,10.58,0.181628,-1.04279
3,10.6,0.153781,-1.03479
3,10.62,0.122232,-1.05192
3,10.64,0.0993523,-1.10309
3,10.66,0.107888,-1.11405
3,10.68,0.111613,-1.20521
3,10.7,0.105379,-1.19482
3,10.72,0.0779968,-1.13407
3,10.74,0.0680944,-1.07059
3,10.76,0.055801,-1.0737
3,10.78,0.0222146,-1.08384
3,10.8,-0.0214853,-1.02319
3,10.82,-0.0308276,-0.993018
3,10.84,-0.0604301,-1.00859
3,10.86,-0.088631,-0.992841
3,10.88,-0.100572,-0.935924
3,10.9,-0.146358,-0.902602
3,10.92,-0.160906,-0.857044
3,10.94,-0.19464,-0.812461
3,10.96,-0.214168,-0.754324
3,10.98,-0.221504,-0.687405
3,11,-0.210603,-0.629445
3,11.02,-0.216067,-0.550785
3,11.04,-0.244057,-0.53459
3,11.06,-0.256626,-0.505258
3,11.08,-0.241584,-0.455869
3,11.1,-0.273808,-0.477193
3,11.12,-0.239937,-0.419136
3,11.14,-0.235949,-0.330946
3,11.16,-0.219465,-0.27552
3,11.18,-0.271175,-0.270121
3,11.2,-0.281968,-0.229902
3,11.22,-0.277449,-0.182858
3,11.24,-0.251956,-0.140479
3,11.26,-0.251827,-0.133933
3,11.28,-0.240912,-0.125443
3,11.3,-0.244218,-0.0515238
3,11.32,-0.268308,-0.00997679
3,11.34,-0.260954,0.0412256
3,11.36,-0.250212,0.100346
3,11.38,-0.243532,0.15206
3,11.4,-0.227377,0.210486
3,11.42,-0.243487,0.29755
3,11.44,-0.220108,0.338273
3,11.46,-0.215003,0.391428
3,11.48,-0.190997,0.428612
3,11.5,-0.196218,0.46272
3,11.52,-0.172399,0.517438
3,11.54,-0.147642,0.566661
3,11.56,-0.137111,0.58238
3,11.58,-0.127533,0.569411
3,11.6,-0.112749,0.580811
3,11.62,-0.0986902,0.639761
3,11.64,-0.0752767,0.68192
3,11.66,-0.0684825,0.817539
3,11.68,-0.0314624,0.859409
3,11.7,-0.0338833,0.899447
3,11.72,-0.0320254,0.951779
3,11.74,-0.0185139,0.950724
3,11.76,0.0282766,1.00722
3,11.78,0.0520925,0.988951
3,11.8,0.0482865,1.01967
3,11.82,0.0651492,0.999863
3,11.84,0.0497055,0.932352
3,11.86,0.0381012,0.916329
3,11.88,0.0594223,0.815492
3,11.9,0.0809028,0.759155
3,11.92,0.0629678,0.763105
3,11.94,0.118194,0.710719
3,11.96,0.148105,0.683783
3,11.98,0.159192,0.745811
3,12,0.157438,0.732368
3,12.02,0.154524,0.638233
3,12.04,0.184916,0.551476
3,12.06,0.20075,0.486039
3,12.08,0.218983,0.412618
3,12.1,0.239711,0.3312
3,12.12,0.249954,0.275591
3,12.14,0.241204,0.175436
3,12.16,0.241195,0.0357772
3,12.18,0.288153,0.0442715
3,12.2,0.299379,0.079575
3,12.22,0.26603,0.0619414
3,12.24,0.24549,0.0242241
3,12.26,0.250501,-0.0994407
3,12.28,0.265664,-0.0984585
3,12.3,0.271771,-0.143794
3,12.32,0.274222,-0.254531
3,12.34,0.271462,-0.271763
3,12.36,0.273251,-0.255514
3,12.38,0.271526,-0.350707
3,12.4,0.271821,-0.373844
3,12.42,0.256079,-0.400564
3,12.44,0.260899,-0.478698
3,12.46,0.263146,-0.483602
3,12.48,0.231003,-0.53522
3,12.5,0.231765,-0.578459
3,12.52,0.230579,-0.642678
3,12.54,0.194602,-0.677272
3,12.56,0.148409,-0.703128
3,12.58,0.160735,-0.722201
3,12.6,0.138877,-0.782384
3,12.62,0.123201,-0.721733
3,12.64,0.120298,-0.759686
3,12.66,0.0970654,-0.77925
3,12.68,0.109799,-0.847317
3,12.7,0.0781085,-0.886244
3,12.72,0.0577541,-0.882135
3,12.74,0.0699428,-0.860215
3,12.76,0.0210027,-0.926369
3,12.78,-0.00224618,-0.921087
3,12.8,-0.0147746,-0.943267
3,12.82,-0.0380403,-0.980207
3,12.84,-0.0729384,-0.962833
3,12.86,-0.0733656,-0.994627
3,12.88,-0.0738005,-0.974136
3,12.9,-0.106924,-0.908639
3,12.92,-0.128589,-0.867269
3,12.94,-0.147558,-0.839795
3,12.96,-0.165565,-0.779173
3,12.98,-0.192961,-0.686671
3,13,-0.190443,-0.621273
3,13.02,-0.196871,-0.577379
3,13.04,-0.189423,-0.504202
3,13.06,-0.198996,-0.451853
3,13.08,-0.186496,-0.34533
3,13.1,-0.177394,-0.319995
3,13.12,-0.168892,-0.293969
3,13.14,-0.170437,-0.227839
3,13.16,-0.186617,-0.158885
3,13.18,-0.187235,-0.130194
3,13.2,-0.197854,-0.128069
3,13.22,-0.168024,-0.112742
3,13.24,-0.173897,-0.0548006
3,13.26,-0.169171,-0.02365
3,13.28,-0.164477,0.0901734
3,13.3,-0.169848,0.124875
3,13.32,-0.168934,0.12587
3,13.34,-0.174244,0.237113
3,13.36,-0.176853,0.189806
3,13.38,-0.192773,0.245425
3,13.4,-0.200551,0.2198
3,13.42,-0.219232,0.315724
3,13.44,-0.2136,0.258833
3,13.46,-0.191625,0.313379
3,13.48,-0.187759,0.319437
3,13.5,-0.173011,0.351815
3,13.52,-0.17068,0.364432
3,13.54,-0.196523,0.482787
3,13.56,-0.20027,0.500627
3,13.58,-0.185025,0.581265
3,13.6,-0.177636,0.645066
3,13.62,-0.130075,0.698562
3,13.64,-0.125342,0.778357
3,13.66,-0.122587,0.781738
3,13.68,-0.095105,0.820205
3,13.7,-0.102505,0.922321
3,13.72,-0.0721173,0.981292
3,13.74,-0.0527338,1.03923
3,13.76,-0.0429282,1.02257
3,13.78,-0.0236101,1.03928
3,13.8,-0.0260413,1.05582
3,13.82,-0.0100815,1.00496
3,13.84,0.0161254,0.896092
3,13.86,0.046147,0.841733
3,13.88,0.0715358,0.846239
3,13.9,0.139745,0.709423
3,13.92,0.136938,0.778601
3,13.94,0.13435,0.743737
3,13.96,0.144557,0.688308
3,13.98,0.190555,0.65982
3,14,0.193918,0.687259
3,14.02,0.196883,0.642134
3,14.04,0.20471,0.679139
3,14.06,0.208113,0.571214
3,14.08,0.229228,0.481608
3,14.1,0.226623,0.450732
3,14.12,0.229895,0.350622
3,14.14,0.237903,0.259355
3,14.16,0.247415,0.169582
3,14.18,0.247562,0.209449
3,14.2,0.239257,0.163851
3,14.22,0.262244,0.163447
3,14.24,0.275729,0.108417
3,14.26,0.295438,0.0379307
3,14.28,0.32665,-0.00453734
3,14.3,0.295149,0.048475
3,14.32,0.283585,0.00486745
3,14.34,0.294314,-0.013751
3,14.36,0.275799,-0.101864
3,14.38,0.271096,-0.0351684
3,14.4,0.271619,-0.10835
3,14.42,0.266922,-0.13513
3,14.44,0.285993,-0.208619
3,14.46,0.262672,-0.297973
3,14.48,0.240471,-0.317587
3,14.5,0.23619,-0.345142
3,14.52,0.25079,-0.411925
3,14.54,0.251525,-0.444243
3,14.56,0.225243,-0.515153
3,14.58,0.201892,-0.554948
3,14.6,0.199407,-0.551354
3,14.62,0.185059,-0.547
3,14.64,0.169412,-0.57304
3,14.66,0.147097,-0.525191
3,14.68,0.153516,-0.587722
3,14.7,0.145094,-0.611325
3,14.72,0.117936,-0.609434
3,14.74,0.0982812,-0.630429
3,14.76,0.0722638,-0.657698
3,14.78,0.0289582,-0.703772
3,14.8,0.00887062,-0.676195
3,14.82,0.0164656,-0.670169
3,14.84,-0.0232988,-0.707616
3,14.86,-0.0344138,-0.727225
3,14.88,-0.0704689,-0.732646
3,14.9,-0.0866282,-0.70232
3,14.92,-0.117051,-0.693904
3,14.94,-0.120286,-0.645848
3,14.96,-0.116068,-0.604476
3,14.98,-0.129676,-0.492906
3,15,-0.145265,-0.408256
